0 verbose cli C:\Program Files\nodejs\node.exe C:\Users\madan\AppData\Roaming\npm\node_modules\npm\bin\npm-cli.js
1 info using npm@11.4.2
2 info using node@v24.16.0
3 silly config load:file:C:\Users\madan\AppData\Roaming\npm\node_modules\npm\npmrc
4 silly config load:file:C:\TipTop\careconnect-suite\apps\web\.npmrc
5 silly config load:file:C:\Users\madan\.npmrc
6 silly config load:file:C:\Users\madan\AppData\Roaming\npm\etc\npmrc
7 verbose title npm install
8 verbose argv "install" "--cache" ".npm-cache"
9 verbose logfile logs-max:10 dir:C:\TipTop\careconnect-suite\apps\web\.npm-cache\_logs\2026-07-15T18_56_34_499Z-
10 verbose logfile C:\TipTop\careconnect-suite\apps\web\.npm-cache\_logs\2026-07-15T18_56_34_499Z-debug-0.log
11 silly logfile done cleaning log files
12 silly packumentCache heap:4496293888 maxSize:1124073472 maxEntrySize:562036736
13 silly idealTree buildDeps
14 silly reify mark retired [
14 silly reify   'C:\\TipTop\\careconnect-suite\\apps\\web\\node_modules\\agent-base'
14 silly reify ]
15 silly reify mark retired [
15 silly reify   'C:\\TipTop\\careconnect-suite\\apps\\web\\node_modules\\ansi-regex'
15 silly reify ]
16 silly reify mark retired [
16 silly reify   'C:\\TipTop\\careconnect-suite\\apps\\web\\node_modules\\ansi-styles'
16 silly reify ]
17 silly reify mark retired [
17 silly reify   'C:\\TipTop\\careconnect-suite\\apps\\web\\node_modules\\any-promise'
17 silly reify ]
18 silly reify mark retired [ 'C:\\TipTop\\careconnect-suite\\apps\\web\\node_modules\\anymatch' ]
19 silly reify mark retired [ 'C:\\TipTop\\careconnect-suite\\apps\\web\\node_modules\\arg' ]
20 silly reify mark retired [ 'C:\\TipTop\\careconnect-suite\\apps\\web\\node_modules\\axios' ]
21 silly reify mark retired [
21 silly reify   'C:\\TipTop\\careconnect-suite\\apps\\web\\node_modules\\balanced-match'
21 silly reify ]
22 silly reify mark retired [ 'C:\\TipTop\\careconnect-suite\\apps\\web\\node_modules\\asynckit' ]
23 silly reify mark retired [
23 silly reify   'C:\\TipTop\\careconnect-suite\\apps\\web\\node_modules\\binary-extensions'
23 silly reify ]
24 silly reify mark retired [
24 silly reify   'C:\\TipTop\\careconnect-suite\\apps\\web\\node_modules\\brace-expansion'
24 silly reify ]
25 silly reify mark retired [
25 silly reify   'C:\\TipTop\\careconnect-suite\\apps\\web\\node_modules\\autoprefixer'
25 silly reify ]
26 silly reify mark retired [
26 silly reify   'C:\\TipTop\\careconnect-suite\\apps\\web\\node_modules\\baseline-browser-mapping'
26 silly reify ]
27 silly reify mark retired [ 'C:\\TipTop\\careconnect-suite\\apps\\web\\node_modules\\braces' ]
28 silly reify mark retired [
28 silly reify   'C:\\TipTop\\careconnect-suite\\apps\\web\\node_modules\\browserslist'
28 silly reify ]
29 silly reify mark retired [
29 silly reify   'C:\\TipTop\\careconnect-suite\\apps\\web\\node_modules\\call-bind-apply-helpers'
29 silly reify ]
30 silly reify mark retired [
30 silly reify   'C:\\TipTop\\careconnect-suite\\apps\\web\\node_modules\\camelcase-css'
30 silly reify ]
31 silly reify mark retired [
31 silly reify   'C:\\TipTop\\careconnect-suite\\apps\\web\\node_modules\\caniuse-lite'
31 silly reify ]
32 silly reify mark retired [ 'C:\\TipTop\\careconnect-suite\\apps\\web\\node_modules\\chokidar' ]
33 silly reify mark retired [ 'C:\\TipTop\\careconnect-suite\\apps\\web\\node_modules\\cldrjs' ]
34 silly reify mark retired [
34 silly reify   'C:\\TipTop\\careconnect-suite\\apps\\web\\node_modules\\color-convert'
34 silly reify ]
35 silly reify mark retired [
35 silly reify   'C:\\TipTop\\careconnect-suite\\apps\\web\\node_modules\\color-name'
35 silly reify ]
36 silly reify mark retired [ 'C:\\TipTop\\careconnect-suite\\apps\\web\\node_modules\\commander' ]
37 silly reify mark retired [ 'C:\\TipTop\\careconnect-suite\\apps\\web\\node_modules\\clsx' ]
38 silly reify mark retired [
38 silly reify   'C:\\TipTop\\careconnect-suite\\apps\\web\\node_modules\\convert-source-map'
38 silly reify ]
39 silly reify mark retired [ 'C:\\TipTop\\careconnect-suite\\apps\\web\\node_modules\\cssesc' ]
40 silly reify mark retired [
40 silly reify   'C:\\TipTop\\careconnect-suite\\apps\\web\\node_modules\\cross-spawn'
40 silly reify ]
41 silly reify mark retired [ 'C:\\TipTop\\careconnect-suite\\apps\\web\\node_modules\\csstype' ]
42 silly reify mark retired [
42 silly reify   'C:\\TipTop\\careconnect-suite\\apps\\web\\node_modules\\date-arithmetic'
42 silly reify ]
43 silly reify mark retired [
43 silly reify   'C:\\TipTop\\careconnect-suite\\apps\\web\\node_modules\\combined-stream'
43 silly reify ]
44 silly reify mark retired [ 'C:\\TipTop\\careconnect-suite\\apps\\web\\node_modules\\dayjs' ]
45 silly reify mark retired [ 'C:\\TipTop\\careconnect-suite\\apps\\web\\node_modules\\date-fns' ]
46 silly reify mark retired [
46 silly reify   'C:\\TipTop\\careconnect-suite\\apps\\web\\node_modules\\delayed-stream'
46 silly reify ]
47 silly reify mark retired [ 'C:\\TipTop\\careconnect-suite\\apps\\web\\node_modules\\debug' ]
48 silly reify mark retired [ 'C:\\TipTop\\careconnect-suite\\apps\\web\\node_modules\\dequal' ]
49 silly reify mark retired [ 'C:\\TipTop\\careconnect-suite\\apps\\web\\node_modules\\dlv' ]
50 silly reify mark retired [
50 silly reify   'C:\\TipTop\\careconnect-suite\\apps\\web\\node_modules\\didyoumean'
50 silly reify ]
51 silly reify mark retired [
51 silly reify   'C:\\TipTop\\careconnect-suite\\apps\\web\\node_modules\\dom-helpers'
51 silly reify ]
52 silly reify mark retired [
52 silly reify   'C:\\TipTop\\careconnect-suite\\apps\\web\\node_modules\\dunder-proto'
52 silly reify ]
53 silly reify mark retired [
53 silly reify   'C:\\TipTop\\careconnect-suite\\apps\\web\\node_modules\\eastasianwidth'
53 silly reify ]
54 silly reify mark retired [
54 silly reify   'C:\\TipTop\\careconnect-suite\\apps\\web\\node_modules\\electron-to-chromium'
54 silly reify ]
55 silly reify mark retired [
55 silly reify   'C:\\TipTop\\careconnect-suite\\apps\\web\\node_modules\\emoji-regex'
55 silly reify ]
56 silly reify mark retired [
56 silly reify   'C:\\TipTop\\careconnect-suite\\apps\\web\\node_modules\\es-define-property'
56 silly reify ]
57 silly reify mark retired [ 'C:\\TipTop\\careconnect-suite\\apps\\web\\node_modules\\es-errors' ]
58 silly reify mark retired [
58 silly reify   'C:\\TipTop\\careconnect-suite\\apps\\web\\node_modules\\es-object-atoms'
58 silly reify ]
59 silly reify mark retired [
59 silly reify   'C:\\TipTop\\careconnect-suite\\apps\\web\\node_modules\\es-set-tostringtag'
59 silly reify ]
60 silly reify mark retired [ 'C:\\TipTop\\careconnect-suite\\apps\\web\\node_modules\\escalade' ]
61 silly reify mark retired [ 'C:\\TipTop\\careconnect-suite\\apps\\web\\node_modules\\esbuild' ]
62 silly reify mark retired [ 'C:\\TipTop\\careconnect-suite\\apps\\web\\node_modules\\fast-glob' ]
63 silly reify mark retired [ 'C:\\TipTop\\careconnect-suite\\apps\\web\\node_modules\\fastq' ]
64 silly reify mark retired [
64 silly reify   'C:\\TipTop\\careconnect-suite\\apps\\web\\node_modules\\fill-range'
64 silly reify ]
65 silly reify mark retired [
65 silly reify   'C:\\TipTop\\careconnect-suite\\apps\\web\\node_modules\\follow-redirects'
65 silly reify ]
66 silly reify mark retired [
66 silly reify   'C:\\TipTop\\careconnect-suite\\apps\\web\\node_modules\\foreground-child'
66 silly reify ]
67 silly reify mark retired [ 'C:\\TipTop\\careconnect-suite\\apps\\web\\node_modules\\form-data' ]
68 silly reify mark retired [
68 silly reify   'C:\\TipTop\\careconnect-suite\\apps\\web\\node_modules\\fraction.js'
68 silly reify ]
69 silly reify mark retired [
69 silly reify   'C:\\TipTop\\careconnect-suite\\apps\\web\\node_modules\\framer-motion'
69 silly reify ]
70 silly reify mark retired [ 'C:\\TipTop\\careconnect-suite\\apps\\web\\node_modules\\gensync' ]
71 silly reify mark retired [
71 silly reify   'C:\\TipTop\\careconnect-suite\\apps\\web\\node_modules\\get-intrinsic'
71 silly reify ]
72 silly reify mark retired [
72 silly reify   'C:\\TipTop\\careconnect-suite\\apps\\web\\node_modules\\glob-parent'
72 silly reify ]
73 silly reify mark retired [
73 silly reify   'C:\\TipTop\\careconnect-suite\\apps\\web\\node_modules\\function-bind'
73 silly reify ]
74 silly reify mark retired [ 'C:\\TipTop\\careconnect-suite\\apps\\web\\node_modules\\glob' ]
75 silly reify mark retired [ 'C:\\TipTop\\careconnect-suite\\apps\\web\\node_modules\\globalize' ]
76 silly reify mark retired [ 'C:\\TipTop\\careconnect-suite\\apps\\web\\node_modules\\gopd' ]
77 silly reify mark retired [
77 silly reify   'C:\\TipTop\\careconnect-suite\\apps\\web\\node_modules\\has-symbols'
77 silly reify ]
78 silly reify mark retired [
78 silly reify   'C:\\TipTop\\careconnect-suite\\apps\\web\\node_modules\\has-tostringtag'
78 silly reify ]
79 silly reify mark retired [ 'C:\\TipTop\\careconnect-suite\\apps\\web\\node_modules\\hasown' ]
80 silly reify mark retired [
80 silly reify   'C:\\TipTop\\careconnect-suite\\apps\\web\\node_modules\\https-proxy-agent'
80 silly reify ]
81 silly reify mark retired [ 'C:\\TipTop\\careconnect-suite\\apps\\web\\node_modules\\invariant' ]
82 silly reify mark retired [
82 silly reify   'C:\\TipTop\\careconnect-suite\\apps\\web\\node_modules\\is-binary-path'
82 silly reify ]
83 silly reify mark retired [ 'C:\\TipTop\\careconnect-suite\\apps\\web\\node_modules\\get-proto' ]
84 silly reify mark retired [
84 silly reify   'C:\\TipTop\\careconnect-suite\\apps\\web\\node_modules\\is-core-module'
84 silly reify ]
85 silly reify mark retired [
85 silly reify   'C:\\TipTop\\careconnect-suite\\apps\\web\\node_modules\\is-extglob'
85 silly reify ]
86 silly reify mark retired [
86 silly reify   'C:\\TipTop\\careconnect-suite\\apps\\web\\node_modules\\is-fullwidth-code-point'
86 silly reify ]
87 silly reify mark retired [ 'C:\\TipTop\\careconnect-suite\\apps\\web\\node_modules\\isexe' ]
88 silly reify mark retired [ 'C:\\TipTop\\careconnect-suite\\apps\\web\\node_modules\\is-glob' ]
89 silly reify mark retired [ 'C:\\TipTop\\careconnect-suite\\apps\\web\\node_modules\\jackspeak' ]
90 silly reify mark retired [ 'C:\\TipTop\\careconnect-suite\\apps\\web\\node_modules\\jiti' ]
91 silly reify mark retired [ 'C:\\TipTop\\careconnect-suite\\apps\\web\\node_modules\\jsesc' ]
92 silly reify mark retired [ 'C:\\TipTop\\careconnect-suite\\apps\\web\\node_modules\\js-tokens' ]
93 silly reify mark retired [ 'C:\\TipTop\\careconnect-suite\\apps\\web\\node_modules\\json5' ]
94 silly reify mark retired [
94 silly reify   'C:\\TipTop\\careconnect-suite\\apps\\web\\node_modules\\lines-and-columns'
94 silly reify ]
95 silly reify mark retired [ 'C:\\TipTop\\careconnect-suite\\apps\\web\\node_modules\\is-number' ]
96 silly reify mark retired [ 'C:\\TipTop\\careconnect-suite\\apps\\web\\node_modules\\lodash' ]
97 silly reify mark retired [ 'C:\\TipTop\\careconnect-suite\\apps\\web\\node_modules\\lilconfig' ]
98 silly reify mark retired [ 'C:\\TipTop\\careconnect-suite\\apps\\web\\node_modules\\lodash-es' ]
99 silly reify mark retired [ 'C:\\TipTop\\careconnect-suite\\apps\\web\\node_modules\\lru-cache' ]
100 silly reify mark retired [
100 silly reify   'C:\\TipTop\\careconnect-suite\\apps\\web\\node_modules\\lucide-react'
100 silly reify ]
101 silly reify mark retired [
101 silly reify   'C:\\TipTop\\careconnect-suite\\apps\\web\\node_modules\\loose-envify'
101 silly reify ]
102 silly reify mark retired [ 'C:\\TipTop\\careconnect-suite\\apps\\web\\node_modules\\luxon' ]
103 silly reify mark retired [
103 silly reify   'C:\\TipTop\\careconnect-suite\\apps\\web\\node_modules\\math-intrinsics'
103 silly reify ]
104 silly reify mark retired [
104 silly reify   'C:\\TipTop\\careconnect-suite\\apps\\web\\node_modules\\memoize-one'
104 silly reify ]
105 silly reify mark retired [ 'C:\\TipTop\\careconnect-suite\\apps\\web\\node_modules\\merge2' ]
106 silly reify mark retired [ 'C:\\TipTop\\careconnect-suite\\apps\\web\\node_modules\\mime-db' ]
107 silly reify mark retired [
107 silly reify   'C:\\TipTop\\careconnect-suite\\apps\\web\\node_modules\\mime-types'
107 silly reify ]
108 silly reify mark retired [
108 silly reify   'C:\\TipTop\\careconnect-suite\\apps\\web\\node_modules\\micromatch'
108 silly reify ]
109 silly reify mark retired [ 'C:\\TipTop\\careconnect-suite\\apps\\web\\node_modules\\minipass' ]
110 silly reify mark retired [ 'C:\\TipTop\\careconnect-suite\\apps\\web\\node_modules\\moment' ]
111 silly reify mark retired [ 'C:\\TipTop\\careconnect-suite\\apps\\web\\node_modules\\minimatch' ]
112 silly reify mark retired [
112 silly reify   'C:\\TipTop\\careconnect-suite\\apps\\web\\node_modules\\moment-timezone'
112 silly reify ]
113 silly reify mark retired [
113 silly reify   'C:\\TipTop\\careconnect-suite\\apps\\web\\node_modules\\motion-dom'
113 silly reify ]
114 silly reify mark retired [
114 silly reify   'C:\\TipTop\\careconnect-suite\\apps\\web\\node_modules\\motion-utils'
114 silly reify ]
115 silly reify mark retired [ 'C:\\TipTop\\careconnect-suite\\apps\\web\\node_modules\\ms' ]
116 silly reify mark retired [
116 silly reify   'C:\\TipTop\\careconnect-suite\\apps\\web\\node_modules\\normalize-path'
116 silly reify ]
117 silly reify mark retired [ 'C:\\TipTop\\careconnect-suite\\apps\\web\\node_modules\\nanoid' ]
118 silly reify mark retired [ 'C:\\TipTop\\careconnect-suite\\apps\\web\\node_modules\\mz' ]
119 silly reify mark retired [
119 silly reify   'C:\\TipTop\\careconnect-suite\\apps\\web\\node_modules\\normalize-range'
119 silly reify ]
120 silly reify mark retired [
120 silly reify   'C:\\TipTop\\careconnect-suite\\apps\\web\\node_modules\\node-releases'
120 silly reify ]
121 silly reify mark retired [
121 silly reify   'C:\\TipTop\\careconnect-suite\\apps\\web\\node_modules\\object-assign'
121 silly reify ]
122 silly reify mark retired [
122 silly reify   'C:\\TipTop\\careconnect-suite\\apps\\web\\node_modules\\object-hash'
122 silly reify ]
123 silly reify mark retired [
123 silly reify   'C:\\TipTop\\careconnect-suite\\apps\\web\\node_modules\\package-json-from-dist'
123 silly reify ]
124 silly reify mark retired [ 'C:\\TipTop\\careconnect-suite\\apps\\web\\node_modules\\path-key' ]
125 silly reify mark retired [
125 silly reify   'C:\\TipTop\\careconnect-suite\\apps\\web\\node_modules\\picocolors'
125 silly reify ]
126 silly reify mark retired [ 'C:\\TipTop\\careconnect-suite\\apps\\web\\node_modules\\pify' ]
127 silly reify mark retired [
127 silly reify   'C:\\TipTop\\careconnect-suite\\apps\\web\\node_modules\\path-scurry'
127 silly reify ]
128 silly reify mark retired [
128 silly reify   'C:\\TipTop\\careconnect-suite\\apps\\web\\node_modules\\path-parse'
128 silly reify ]
129 silly reify mark retired [ 'C:\\TipTop\\careconnect-suite\\apps\\web\\node_modules\\pirates' ]
130 silly reify mark retired [ 'C:\\TipTop\\careconnect-suite\\apps\\web\\node_modules\\postcss' ]
131 silly reify mark retired [
131 silly reify   'C:\\TipTop\\careconnect-suite\\apps\\web\\node_modules\\postcss-js'
131 silly reify ]
132 silly reify mark retired [ 'C:\\TipTop\\careconnect-suite\\apps\\web\\node_modules\\picomatch' ]
133 silly reify mark retired [
133 silly reify   'C:\\TipTop\\careconnect-suite\\apps\\web\\node_modules\\postcss-import'
133 silly reify ]
134 silly reify mark retired [
134 silly reify   'C:\\TipTop\\careconnect-suite\\apps\\web\\node_modules\\postcss-load-config'
134 silly reify ]
135 silly reify mark retired [
135 silly reify   'C:\\TipTop\\careconnect-suite\\apps\\web\\node_modules\\postcss-selector-parser'
135 silly reify ]
136 silly reify mark retired [
136 silly reify   'C:\\TipTop\\careconnect-suite\\apps\\web\\node_modules\\prop-types'
136 silly reify ]
137 silly reify mark retired [
137 silly reify   'C:\\TipTop\\careconnect-suite\\apps\\web\\node_modules\\proxy-from-env'
137 silly reify ]
138 silly reify mark retired [
138 silly reify   'C:\\TipTop\\careconnect-suite\\apps\\web\\node_modules\\postcss-value-parser'
138 silly reify ]
139 silly reify mark retired [
139 silly reify   'C:\\TipTop\\careconnect-suite\\apps\\web\\node_modules\\queue-microtask'
139 silly reify ]
140 silly reify mark retired [ 'C:\\TipTop\\careconnect-suite\\apps\\web\\node_modules\\react' ]
141 silly reify mark retired [
141 silly reify   'C:\\TipTop\\careconnect-suite\\apps\\web\\node_modules\\react-big-calendar'
141 silly reify ]
142 silly reify mark retired [
142 silly reify   'C:\\TipTop\\careconnect-suite\\apps\\web\\node_modules\\postcss-nested'
142 silly reify ]
143 silly reify mark retired [ 'C:\\TipTop\\careconnect-suite\\apps\\web\\node_modules\\react-dom' ]
144 silly reify mark retired [ 'C:\\TipTop\\careconnect-suite\\apps\\web\\node_modules\\react-is' ]
145 silly reify mark retired [
145 silly reify   'C:\\TipTop\\careconnect-suite\\apps\\web\\node_modules\\react-lifecycles-compat'
145 silly reify ]
146 silly reify mark retired [
146 silly reify   'C:\\TipTop\\careconnect-suite\\apps\\web\\node_modules\\react-overlays'
146 silly reify ]
147 silly reify mark retired [
147 silly reify   'C:\\TipTop\\careconnect-suite\\apps\\web\\node_modules\\react-router-dom'
147 silly reify ]
148 silly reify mark retired [
148 silly reify   'C:\\TipTop\\careconnect-suite\\apps\\web\\node_modules\\read-cache'
148 silly reify ]
149 silly reify mark retired [
149 silly reify   'C:\\TipTop\\careconnect-suite\\apps\\web\\node_modules\\react-router'
149 silly reify ]
150 silly reify mark retired [ 'C:\\TipTop\\careconnect-suite\\apps\\web\\node_modules\\readdirp' ]
151 silly reify mark retired [ 'C:\\TipTop\\careconnect-suite\\apps\\web\\node_modules\\rollup' ]
152 silly reify mark retired [ 'C:\\TipTop\\careconnect-suite\\apps\\web\\node_modules\\resolve' ]
153 silly reify mark retired [
153 silly reify   'C:\\TipTop\\careconnect-suite\\apps\\web\\node_modules\\react-refresh'
153 silly reify ]
154 silly reify mark retired [ 'C:\\TipTop\\careconnect-suite\\apps\\web\\node_modules\\reusify' ]
155 silly reify mark retired [ 'C:\\TipTop\\careconnect-suite\\apps\\web\\node_modules\\scheduler' ]
156 silly reify mark retired [ 'C:\\TipTop\\careconnect-suite\\apps\\web\\node_modules\\semver' ]
157 silly reify mark retired [
157 silly reify   'C:\\TipTop\\careconnect-suite\\apps\\web\\node_modules\\shebang-command'
157 silly reify ]
158 silly reify mark retired [
158 silly reify   'C:\\TipTop\\careconnect-suite\\apps\\web\\node_modules\\signal-exit'
158 silly reify ]
159 silly reify mark retired [
159 silly reify   'C:\\TipTop\\careconnect-suite\\apps\\web\\node_modules\\shebang-regex'
159 silly reify ]
160 silly reify mark retired [
160 silly reify   'C:\\TipTop\\careconnect-suite\\apps\\web\\node_modules\\source-map-js'
160 silly reify ]
161 silly reify mark retired [
161 silly reify   'C:\\TipTop\\careconnect-suite\\apps\\web\\node_modules\\string-width'
161 silly reify ]
162 silly reify mark retired [
162 silly reify   'C:\\TipTop\\careconnect-suite\\apps\\web\\node_modules\\strip-ansi'
162 silly reify ]
163 silly reify mark retired [
163 silly reify   'C:\\TipTop\\careconnect-suite\\apps\\web\\node_modules\\strip-ansi-cjs'
163 silly reify ]
164 silly reify mark retired [ 'C:\\TipTop\\careconnect-suite\\apps\\web\\node_modules\\sucrase' ]
165 silly reify mark retired [
165 silly reify   'C:\\TipTop\\careconnect-suite\\apps\\web\\node_modules\\run-parallel'
165 silly reify ]
166 silly reify mark retired [
166 silly reify   'C:\\TipTop\\careconnect-suite\\apps\\web\\node_modules\\supports-preserve-symlinks-flag'
166 silly reify ]
167 silly reify mark retired [
167 silly reify   'C:\\TipTop\\careconnect-suite\\apps\\web\\node_modules\\tailwindcss'
167 silly reify ]
168 silly reify mark retired [
168 silly reify   'C:\\TipTop\\careconnect-suite\\apps\\web\\node_modules\\thenify-all'
168 silly reify ]
169 silly reify mark retired [
169 silly reify   'C:\\TipTop\\careconnect-suite\\apps\\web\\node_modules\\tinyglobby'
169 silly reify ]
170 silly reify mark retired [
170 silly reify   'C:\\TipTop\\careconnect-suite\\apps\\web\\node_modules\\string-width-cjs'
170 silly reify ]
171 silly reify mark retired [ 'C:\\TipTop\\careconnect-suite\\apps\\web\\node_modules\\thenify' ]
172 silly reify mark retired [
172 silly reify   'C:\\TipTop\\careconnect-suite\\apps\\web\\node_modules\\to-regex-range'
172 silly reify ]
173 silly reify mark retired [
173 silly reify   'C:\\TipTop\\careconnect-suite\\apps\\web\\node_modules\\ts-interface-checker'
173 silly reify ]
174 silly reify mark retired [
174 silly reify   'C:\\TipTop\\careconnect-suite\\apps\\web\\node_modules\\uncontrollable'
174 silly reify ]
175 silly reify mark retired [
175 silly reify   'C:\\TipTop\\careconnect-suite\\apps\\web\\node_modules\\update-browserslist-db'
175 silly reify ]
176 silly reify mark retired [ 'C:\\TipTop\\careconnect-suite\\apps\\web\\node_modules\\vite' ]
177 silly reify mark retired [
177 silly reify   'C:\\TipTop\\careconnect-suite\\apps\\web\\node_modules\\util-deprecate'
177 silly reify ]
178 silly reify mark retired [ 'C:\\TipTop\\careconnect-suite\\apps\\web\\node_modules\\warning' ]
179 silly reify mark retired [ 'C:\\TipTop\\careconnect-suite\\apps\\web\\node_modules\\which' ]
180 silly reify mark retired [ 'C:\\TipTop\\careconnect-suite\\apps\\web\\node_modules\\tslib' ]
181 silly reify mark retired [ 'C:\\TipTop\\careconnect-suite\\apps\\web\\node_modules\\wrap-ansi' ]
182 silly reify mark retired [
182 silly reify   'C:\\TipTop\\careconnect-suite\\apps\\web\\node_modules\\wrap-ansi-cjs'
182 silly reify ]
183 silly reify mark retired [ 'C:\\TipTop\\careconnect-suite\\apps\\web\\node_modules\\yallist' ]
184 silly reify mark retired [
184 silly reify   'C:\\TipTop\\careconnect-suite\\apps\\web\\node_modules\\@alloc\\quick-lru'
184 silly reify ]
185 silly reify mark retired [
185 silly reify   'C:\\TipTop\\careconnect-suite\\apps\\web\\node_modules\\@babel\\code-frame'
185 silly reify ]
186 silly reify mark retired [
186 silly reify   'C:\\TipTop\\careconnect-suite\\apps\\web\\node_modules\\@babel\\compat-data'
186 silly reify ]
187 silly reify mark retired [
187 silly reify   'C:\\TipTop\\careconnect-suite\\apps\\web\\node_modules\\@babel\\core'
187 silly reify ]
188 silly reify mark retired [
188 silly reify   'C:\\TipTop\\careconnect-suite\\apps\\web\\node_modules\\@babel\\generator'
188 silly reify ]
189 silly reify mark retired [
189 silly reify   'C:\\TipTop\\careconnect-suite\\apps\\web\\node_modules\\@babel\\helper-globals'
189 silly reify ]
190 silly reify mark retired [
190 silly reify   'C:\\TipTop\\careconnect-suite\\apps\\web\\node_modules\\@babel\\helper-module-imports'
190 silly reify ]
191 silly reify mark retired [
191 silly reify   'C:\\TipTop\\careconnect-suite\\apps\\web\\node_modules\\@babel\\helper-compilation-targets'
191 silly reify ]
192 silly reify mark retired [
192 silly reify   'C:\\TipTop\\careconnect-suite\\apps\\web\\node_modules\\@babel\\helper-plugin-utils'
192 silly reify ]
193 silly reify mark retired [
193 silly reify   'C:\\TipTop\\careconnect-suite\\apps\\web\\node_modules\\@babel\\helper-string-parser'
193 silly reify ]
194 silly reify mark retired [
194 silly reify   'C:\\TipTop\\careconnect-suite\\apps\\web\\node_modules\\@babel\\helper-validator-option'
194 silly reify ]
195 silly reify mark retired [
195 silly reify   'C:\\TipTop\\careconnect-suite\\apps\\web\\node_modules\\@babel\\helpers'
195 silly reify ]
196 silly reify mark retired [
196 silly reify   'C:\\TipTop\\careconnect-suite\\apps\\web\\node_modules\\@babel\\parser'
196 silly reify ]
197 silly reify mark retired [
197 silly reify   'C:\\TipTop\\careconnect-suite\\apps\\web\\node_modules\\@babel\\helper-module-transforms'
197 silly reify ]
198 silly reify mark retired [
198 silly reify   'C:\\TipTop\\careconnect-suite\\apps\\web\\node_modules\\@babel\\plugin-transform-react-jsx-self'
198 silly reify ]
199 silly reify mark retired [
199 silly reify   'C:\\TipTop\\careconnect-suite\\apps\\web\\node_modules\\@babel\\helper-validator-identifier'
199 silly reify ]
200 silly reify mark retired [
200 silly reify   'C:\\TipTop\\careconnect-suite\\apps\\web\\node_modules\\@babel\\plugin-transform-react-jsx-source'
200 silly reify ]
201 silly reify mark retired [
201 silly reify   'C:\\TipTop\\careconnect-suite\\apps\\web\\node_modules\\@babel\\runtime'
201 silly reify ]
202 silly reify mark retired [
202 silly reify   'C:\\TipTop\\careconnect-suite\\apps\\web\\node_modules\\@babel\\template'
202 silly reify ]
203 silly reify mark retired [
203 silly reify   'C:\\TipTop\\careconnect-suite\\apps\\web\\node_modules\\@babel\\types'
203 silly reify ]
204 silly reify mark retired [
204 silly reify   'C:\\TipTop\\careconnect-suite\\apps\\web\\node_modules\\@babel\\traverse'
204 silly reify ]
205 silly reify mark retired [
205 silly reify   'C:\\TipTop\\careconnect-suite\\apps\\web\\node_modules\\@esbuild\\win32-x64'
205 silly reify ]
206 silly reify mark retired [
206 silly reify   'C:\\TipTop\\careconnect-suite\\apps\\web\\node_modules\\@jridgewell\\gen-mapping'
206 silly reify ]
207 silly reify mark retired [
207 silly reify   'C:\\TipTop\\careconnect-suite\\apps\\web\\node_modules\\@jridgewell\\remapping'
207 silly reify ]
208 silly reify mark retired [
208 silly reify   'C:\\TipTop\\careconnect-suite\\apps\\web\\node_modules\\@jridgewell\\resolve-uri'
208 silly reify ]
209 silly reify mark retired [
209 silly reify   'C:\\TipTop\\careconnect-suite\\apps\\web\\node_modules\\@jridgewell\\trace-mapping'
209 silly reify ]
210 silly reify mark retired [
210 silly reify   'C:\\TipTop\\careconnect-suite\\apps\\web\\node_modules\\@pkgjs\\parseargs'
210 silly reify ]
211 silly reify mark retired [
211 silly reify   'C:\\TipTop\\careconnect-suite\\apps\\web\\node_modules\\@jridgewell\\sourcemap-codec'
211 silly reify ]
212 silly reify mark retired [
212 silly reify   'C:\\TipTop\\careconnect-suite\\apps\\web\\node_modules\\@react-oauth\\google'
212 silly reify ]
213 silly reify mark retired [
213 silly reify   'C:\\TipTop\\careconnect-suite\\apps\\web\\node_modules\\@remix-run\\router'
213 silly reify ]
214 silly reify mark retired [
214 silly reify   'C:\\TipTop\\careconnect-suite\\apps\\web\\node_modules\\@isaacs\\cliui'
214 silly reify ]
215 silly reify mark retired [
215 silly reify   'C:\\TipTop\\careconnect-suite\\apps\\web\\node_modules\\@restart\\hooks'
215 silly reify ]
216 silly reify mark retired [
216 silly reify   'C:\\TipTop\\careconnect-suite\\apps\\web\\node_modules\\@rolldown\\pluginutils'
216 silly reify ]
217 silly reify mark retired [
217 silly reify   'C:\\TipTop\\careconnect-suite\\apps\\web\\node_modules\\@nodelib\\fs.stat'
217 silly reify ]
218 silly reify mark retired [
218 silly reify   'C:\\TipTop\\careconnect-suite\\apps\\web\\node_modules\\@nodelib\\fs.scandir'
218 silly reify ]
219 silly reify mark retired [
219 silly reify   'C:\\TipTop\\careconnect-suite\\apps\\web\\node_modules\\@nodelib\\fs.walk'
219 silly reify ]
220 silly reify mark retired [
220 silly reify   'C:\\TipTop\\careconnect-suite\\apps\\web\\node_modules\\@popperjs\\core'
220 silly reify ]
221 silly reify mark retired [
221 silly reify   'C:\\TipTop\\careconnect-suite\\apps\\web\\node_modules\\@rollup\\rollup-win32-x64-gnu'
221 silly reify ]
222 silly reify mark retired [
222 silly reify   'C:\\TipTop\\careconnect-suite\\apps\\web\\node_modules\\@types\\babel__core'
222 silly reify ]
223 silly reify mark retired [
223 silly reify   'C:\\TipTop\\careconnect-suite\\apps\\web\\node_modules\\@rollup\\rollup-win32-x64-msvc'
223 silly reify ]
224 silly reify mark retired [
224 silly reify   'C:\\TipTop\\careconnect-suite\\apps\\web\\node_modules\\@types\\babel__generator'
224 silly reify ]
225 silly reify mark retired [
225 silly reify   'C:\\TipTop\\careconnect-suite\\apps\\web\\node_modules\\@types\\babel__template'
225 silly reify ]
226 silly reify mark retired [
226 silly reify   'C:\\TipTop\\careconnect-suite\\apps\\web\\node_modules\\@types\\babel__traverse'
226 silly reify ]
227 silly reify mark retired [
227 silly reify   'C:\\TipTop\\careconnect-suite\\apps\\web\\node_modules\\@types\\estree'
227 silly reify ]
228 silly reify mark retired [
228 silly reify   'C:\\TipTop\\careconnect-suite\\apps\\web\\node_modules\\@types\\react'
228 silly reify ]
229 silly reify mark retired [
229 silly reify   'C:\\TipTop\\careconnect-suite\\apps\\web\\node_modules\\@types\\warning'
229 silly reify ]
230 silly reify mark retired [
230 silly reify   'C:\\TipTop\\careconnect-suite\\apps\\web\\node_modules\\@vitejs\\plugin-react'
230 silly reify ]
231 silly reify moves {
231 silly reify   'C:\\TipTop\\careconnect-suite\\apps\\web\\node_modules\\agent-base': 'C:\\TipTop\\careconnect-suite\\apps\\web\\node_modules\\.agent-base-VPD6GDUt',
231 silly reify   'C:\\TipTop\\careconnect-suite\\apps\\web\\node_modules\\ansi-regex': 'C:\\TipTop\\careconnect-suite\\apps\\web\\node_modules\\.ansi-regex-rg3tVO1w',
231 silly reify   'C:\\TipTop\\careconnect-suite\\apps\\web\\node_modules\\ansi-styles': 'C:\\TipTop\\careconnect-suite\\apps\\web\\node_modules\\.ansi-styles-OOfgm85I',
231 silly reify   'C:\\TipTop\\careconnect-suite\\apps\\web\\node_modules\\any-promise': 'C:\\TipTop\\careconnect-suite\\apps\\web\\node_modules\\.any-promise-sCvoxoYH',
231 silly reify   'C:\\TipTop\\careconnect-suite\\apps\\web\\node_modules\\anymatch': 'C:\\TipTop\\careconnect-suite\\apps\\web\\node_modules\\.anymatch-61GKJ3IA',
231 silly reify   'C:\\TipTop\\careconnect-suite\\apps\\web\\node_modules\\arg': 'C:\\TipTop\\careconnect-suite\\apps\\web\\node_modules\\.arg-tywjLNwM',
231 silly reify   'C:\\TipTop\\careconnect-suite\\apps\\web\\node_modules\\axios': 'C:\\TipTop\\careconnect-suite\\apps\\web\\node_modules\\.axios-2j4yJAzO',
231 silly reify   'C:\\TipTop\\careconnect-suite\\apps\\web\\node_modules\\balanced-match': 'C:\\TipTop\\careconnect-suite\\apps\\web\\node_modules\\.balanced-match-qCqdmfWc',
231 silly reify   'C:\\TipTop\\careconnect-suite\\apps\\web\\node_modules\\asynckit': 'C:\\TipTop\\careconnect-suite\\apps\\web\\node_modules\\.asynckit-t0Wi7aU3',
231 silly reify   'C:\\TipTop\\careconnect-suite\\apps\\web\\node_modules\\binary-extensions': 'C:\\TipTop\\careconnect-suite\\apps\\web\\node_modules\\.binary-extensions-3RikOuQY',
231 silly reify   'C:\\TipTop\\careconnect-suite\\apps\\web\\node_modules\\brace-expansion': 'C:\\TipTop\\careconnect-suite\\apps\\web\\node_modules\\.brace-expansion-xilrXqJU',
231 silly reify   'C:\\TipTop\\careconnect-suite\\apps\\web\\node_modules\\autoprefixer': 'C:\\TipTop\\careconnect-suite\\apps\\web\\node_modules\\.autoprefixer-xcyRGYhm',
231 silly reify   'C:\\TipTop\\careconnect-suite\\apps\\web\\node_modules\\baseline-browser-mapping': 'C:\\TipTop\\careconnect-suite\\apps\\web\\node_modules\\.baseline-browser-mapping-src0xgPv',
231 silly reify   'C:\\TipTop\\careconnect-suite\\apps\\web\\node_modules\\braces': 'C:\\TipTop\\careconnect-suite\\apps\\web\\node_modules\\.braces-VqLIHj2u',
231 silly reify   'C:\\TipTop\\careconnect-suite\\apps\\web\\node_modules\\browserslist': 'C:\\TipTop\\careconnect-suite\\apps\\web\\node_modules\\.browserslist-FwTTh48p',
231 silly reify   'C:\\TipTop\\careconnect-suite\\apps\\web\\node_modules\\call-bind-apply-helpers': 'C:\\TipTop\\careconnect-suite\\apps\\web\\node_modules\\.call-bind-apply-helpers-T7dISpfB',
231 silly reify   'C:\\TipTop\\careconnect-suite\\apps\\web\\node_modules\\camelcase-css': 'C:\\TipTop\\careconnect-suite\\apps\\web\\node_modules\\.camelcase-css-phxuSDAV',
231 silly reify   'C:\\TipTop\\careconnect-suite\\apps\\web\\node_modules\\caniuse-lite': 'C:\\TipTop\\careconnect-suite\\apps\\web\\node_modules\\.caniuse-lite-SU2Mms0G',
231 silly reify   'C:\\TipTop\\careconnect-suite\\apps\\web\\node_modules\\chokidar': 'C:\\TipTop\\careconnect-suite\\apps\\web\\node_modules\\.chokidar-5sJZ8L2C',
231 silly reify   'C:\\TipTop\\careconnect-suite\\apps\\web\\node_modules\\cldrjs': 'C:\\TipTop\\careconnect-suite\\apps\\web\\node_modules\\.cldrjs-JcQueL1Y',
231 silly reify   'C:\\TipTop\\careconnect-suite\\apps\\web\\node_modules\\color-convert': 'C:\\TipTop\\careconnect-suite\\apps\\web\\node_modules\\.color-convert-hhLApTDk',
231 silly reify   'C:\\TipTop\\careconnect-suite\\apps\\web\\node_modules\\color-name': 'C:\\TipTop\\careconnect-suite\\apps\\web\\node_modules\\.color-name-DMjLMrxX',
231 silly reify   'C:\\TipTop\\careconnect-suite\\apps\\web\\node_modules\\commander': 'C:\\TipTop\\careconnect-suite\\apps\\web\\node_modules\\.commander-dqIwI3z9',
231 silly reify   'C:\\TipTop\\careconnect-suite\\apps\\web\\node_modules\\clsx': 'C:\\TipTop\\careconnect-suite\\apps\\web\\node_modules\\.clsx-7tkaxZZ4',
231 silly reify   'C:\\TipTop\\careconnect-suite\\apps\\web\\node_modules\\convert-source-map': 'C:\\TipTop\\careconnect-suite\\apps\\web\\node_modules\\.convert-source-map-HIfsdtaQ',
231 silly reify   'C:\\TipTop\\careconnect-suite\\apps\\web\\node_modules\\cssesc': 'C:\\TipTop\\careconnect-suite\\apps\\web\\node_modules\\.cssesc-VMs5zqaM',
231 silly reify   'C:\\TipTop\\careconnect-suite\\apps\\web\\node_modules\\cross-spawn': 'C:\\TipTop\\careconnect-suite\\apps\\web\\node_modules\\.cross-spawn-goUg5CVv',
231 silly reify   'C:\\TipTop\\careconnect-suite\\apps\\web\\node_modules\\csstype': 'C:\\TipTop\\careconnect-suite\\apps\\web\\node_modules\\.csstype-WCoq6xPD',
231 silly reify   'C:\\TipTop\\careconnect-suite\\apps\\web\\node_modules\\date-arithmetic': 'C:\\TipTop\\careconnect-suite\\apps\\web\\node_modules\\.date-arithmetic-PRvCg4ia',
231 silly reify   'C:\\TipTop\\careconnect-suite\\apps\\web\\node_modules\\combined-stream': 'C:\\TipTop\\careconnect-suite\\apps\\web\\node_modules\\.combined-stream-LHhJIcjI',
231 silly reify   'C:\\TipTop\\careconnect-suite\\apps\\web\\node_modules\\dayjs': 'C:\\TipTop\\careconnect-suite\\apps\\web\\node_modules\\.dayjs-iSKRojTS',
231 silly reify   'C:\\TipTop\\careconnect-suite\\apps\\web\\node_modules\\date-fns': 'C:\\TipTop\\careconnect-suite\\apps\\web\\node_modules\\.date-fns-XWqeIcfg',
231 silly reify   'C:\\TipTop\\careconnect-suite\\apps\\web\\node_modules\\delayed-stream': 'C:\\TipTop\\careconnect-suite\\apps\\web\\node_modules\\.delayed-stream-NUbVBBaZ',
231 silly reify   'C:\\TipTop\\careconnect-suite\\apps\\web\\node_modules\\debug': 'C:\\TipTop\\careconnect-suite\\apps\\web\\node_modules\\.debug-xQ3uBDZg',
231 silly reify   'C:\\TipTop\\careconnect-suite\\apps\\web\\node_modules\\dequal': 'C:\\TipTop\\careconnect-suite\\apps\\web\\node_modules\\.dequal-xYNxJq1X',
231 silly reify   'C:\\TipTop\\careconnect-suite\\apps\\web\\node_modules\\dlv': 'C:\\TipTop\\careconnect-suite\\apps\\web\\node_modules\\.dlv-CshrSTPk',
231 silly reify   'C:\\TipTop\\careconnect-suite\\apps\\web\\node_modules\\didyoumean': 'C:\\TipTop\\careconnect-suite\\apps\\web\\node_modules\\.didyoumean-cSWVuIUi',
231 silly reify   'C:\\TipTop\\careconnect-suite\\apps\\web\\node_modules\\dom-helpers': 'C:\\TipTop\\careconnect-suite\\apps\\web\\node_modules\\.dom-helpers-9Y85SPTX',
231 silly reify   'C:\\TipTop\\careconnect-suite\\apps\\web\\node_modules\\dunder-proto': 'C:\\TipTop\\careconnect-suite\\apps\\web\\node_modules\\.dunder-proto-O4c04znU',
231 silly reify   'C:\\TipTop\\careconnect-suite\\apps\\web\\node_modules\\eastasianwidth': 'C:\\TipTop\\careconnect-suite\\apps\\web\\node_modules\\.eastasianwidth-j1aopEex',
231 silly reify   'C:\\TipTop\\careconnect-suite\\apps\\web\\node_modules\\electron-to-chromium': 'C:\\TipTop\\careconnect-suite\\apps\\web\\node_modules\\.electron-to-chromium-9CCYG9z4',
231 silly reify   'C:\\TipTop\\careconnect-suite\\apps\\web\\node_modules\\emoji-regex': 'C:\\TipTop\\careconnect-suite\\apps\\web\\node_modules\\.emoji-regex-1COCPQSP',
231 silly reify   'C:\\TipTop\\careconnect-suite\\apps\\web\\node_modules\\es-define-property': 'C:\\TipTop\\careconnect-suite\\apps\\web\\node_modules\\.es-define-property-PFVdSlJ1',
231 silly reify   'C:\\TipTop\\careconnect-suite\\apps\\web\\node_modules\\es-errors': 'C:\\TipTop\\careconnect-suite\\apps\\web\\node_modules\\.es-errors-ohur7fB2',
231 silly reify   'C:\\TipTop\\careconnect-suite\\apps\\web\\node_modules\\es-object-atoms': 'C:\\TipTop\\careconnect-suite\\apps\\web\\node_modules\\.es-object-atoms-lYd0CLkI',
231 silly reify   'C:\\TipTop\\careconnect-suite\\apps\\web\\node_modules\\es-set-tostringtag': 'C:\\TipTop\\careconnect-suite\\apps\\web\\node_modules\\.es-set-tostringtag-WesYRvVy',
231 silly reify   'C:\\TipTop\\careconnect-suite\\apps\\web\\node_modules\\escalade': 'C:\\TipTop\\careconnect-suite\\apps\\web\\node_modules\\.escalade-pptGHjNg',
231 silly reify   'C:\\TipTop\\careconnect-suite\\apps\\web\\node_modules\\esbuild': 'C:\\TipTop\\careconnect-suite\\apps\\web\\node_modules\\.esbuild-yPrCArGO',
231 silly reify   'C:\\TipTop\\careconnect-suite\\apps\\web\\node_modules\\fast-glob': 'C:\\TipTop\\careconnect-suite\\apps\\web\\node_modules\\.fast-glob-oy8LwkaY',
231 silly reify   'C:\\TipTop\\careconnect-suite\\apps\\web\\node_modules\\fastq': 'C:\\TipTop\\careconnect-suite\\apps\\web\\node_modules\\.fastq-RJ4Cl2s7',
231 silly reify   'C:\\TipTop\\careconnect-suite\\apps\\web\\node_modules\\fill-range': 'C:\\TipTop\\careconnect-suite\\apps\\web\\node_modules\\.fill-range-2LYyruuJ',
231 silly reify   'C:\\TipTop\\careconnect-suite\\apps\\web\\node_modules\\follow-redirects': 'C:\\TipTop\\careconnect-suite\\apps\\web\\node_modules\\.follow-redirects-8S3IyPbZ',
231 silly reify   'C:\\TipTop\\careconnect-suite\\apps\\web\\node_modules\\foreground-child': 'C:\\TipTop\\careconnect-suite\\apps\\web\\node_modules\\.foreground-child-BRUc4W3A',
231 silly reify   'C:\\TipTop\\careconnect-suite\\apps\\web\\node_modules\\form-data': 'C:\\TipTop\\careconnect-suite\\apps\\web\\node_modules\\.form-data-akD6iWIO',
231 silly reify   'C:\\TipTop\\careconnect-suite\\apps\\web\\node_modules\\fraction.js': 'C:\\TipTop\\careconnect-suite\\apps\\web\\node_modules\\.fraction.js-36W2E79P',
231 silly reify   'C:\\TipTop\\careconnect-suite\\apps\\web\\node_modules\\framer-motion': 'C:\\TipTop\\careconnect-suite\\apps\\web\\node_modules\\.framer-motion-C9LBcwNn',
231 silly reify   'C:\\TipTop\\careconnect-suite\\apps\\web\\node_modules\\gensync': 'C:\\TipTop\\careconnect-suite\\apps\\web\\node_modules\\.gensync-BNZb38Vq',
231 silly reify   'C:\\TipTop\\careconnect-suite\\apps\\web\\node_modules\\get-intrinsic': 'C:\\TipTop\\careconnect-suite\\apps\\web\\node_modules\\.get-intrinsic-mk7LLjqa',
231 silly reify   'C:\\TipTop\\careconnect-suite\\apps\\web\\node_modules\\glob-parent': 'C:\\TipTop\\careconnect-suite\\apps\\web\\node_modules\\.glob-parent-bU9NgHTc',
231 silly reify   'C:\\TipTop\\careconnect-suite\\apps\\web\\node_modules\\function-bind': 'C:\\TipTop\\careconnect-suite\\apps\\web\\node_modules\\.function-bind-bJ4jZJij',
231 silly reify   'C:\\TipTop\\careconnect-suite\\apps\\web\\node_modules\\glob': 'C:\\TipTop\\careconnect-suite\\apps\\web\\node_modules\\.glob-Id6f15i0',
231 silly reify   'C:\\TipTop\\careconnect-suite\\apps\\web\\node_modules\\globalize': 'C:\\TipTop\\careconnect-suite\\apps\\web\\node_modules\\.globalize-PZForwuX',
231 silly reify   'C:\\TipTop\\careconnect-suite\\apps\\web\\node_modules\\gopd': 'C:\\TipTop\\careconnect-suite\\apps\\web\\node_modules\\.gopd-6jPac3dD',
231 silly reify   'C:\\TipTop\\careconnect-suite\\apps\\web\\node_modules\\has-symbols': 'C:\\TipTop\\careconnect-suite\\apps\\web\\node_modules\\.has-symbols-mM66tR1m',
231 silly reify   'C:\\TipTop\\careconnect-suite\\apps\\web\\node_modules\\has-tostringtag': 'C:\\TipTop\\careconnect-suite\\apps\\web\\node_modules\\.has-tostringtag-BaXt20uM',
231 silly reify   'C:\\TipTop\\careconnect-suite\\apps\\web\\node_modules\\hasown': 'C:\\TipTop\\careconnect-suite\\apps\\web\\node_modules\\.hasown-PBFguVT8',
231 silly reify   'C:\\TipTop\\careconnect-suite\\apps\\web\\node_modules\\https-proxy-agent': 'C:\\TipTop\\careconnect-suite\\apps\\web\\node_modules\\.https-proxy-agent-C7PbmLly',
231 silly reify   'C:\\TipTop\\careconnect-suite\\apps\\web\\node_modules\\invariant': 'C:\\TipTop\\careconnect-suite\\apps\\web\\node_modules\\.invariant-u4P4MeYL',
231 silly reify   'C:\\TipTop\\careconnect-suite\\apps\\web\\node_modules\\is-binary-path': 'C:\\TipTop\\careconnect-suite\\apps\\web\\node_modules\\.is-binary-path-CyHzkVBL',
231 silly reify   'C:\\TipTop\\careconnect-suite\\apps\\web\\node_modules\\get-proto': 'C:\\TipTop\\careconnect-suite\\apps\\web\\node_modules\\.get-proto-DrkqaNI2',
231 silly reify   'C:\\TipTop\\careconnect-suite\\apps\\web\\node_modules\\is-core-module': 'C:\\TipTop\\careconnect-suite\\apps\\web\\node_modules\\.is-core-module-NB47Ly8P',
231 silly reify   'C:\\TipTop\\careconnect-suite\\apps\\web\\node_modules\\is-extglob': 'C:\\TipTop\\careconnect-suite\\apps\\web\\node_modules\\.is-extglob-FwaodEbi',
231 silly reify   'C:\\TipTop\\careconnect-suite\\apps\\web\\node_modules\\is-fullwidth-code-point': 'C:\\TipTop\\careconnect-suite\\apps\\web\\node_modules\\.is-fullwidth-code-point-B5vjURBu',
231 silly reify   'C:\\TipTop\\careconnect-suite\\apps\\web\\node_modules\\isexe': 'C:\\TipTop\\careconnect-suite\\apps\\web\\node_modules\\.isexe-SRFS7mJe',
231 silly reify   'C:\\TipTop\\careconnect-suite\\apps\\web\\node_modules\\is-glob': 'C:\\TipTop\\careconnect-suite\\apps\\web\\node_modules\\.is-glob-HzrUYvlJ',
231 silly reify   'C:\\TipTop\\careconnect-suite\\apps\\web\\node_modules\\jackspeak': 'C:\\TipTop\\careconnect-suite\\apps\\web\\node_modules\\.jackspeak-luyxWvb5',
231 silly reify   'C:\\TipTop\\careconnect-suite\\apps\\web\\node_modules\\jiti': 'C:\\TipTop\\careconnect-suite\\apps\\web\\node_modules\\.jiti-q9TEGx1o',
231 silly reify   'C:\\TipTop\\careconnect-suite\\apps\\web\\node_modules\\jsesc': 'C:\\TipTop\\careconnect-suite\\apps\\web\\node_modules\\.jsesc-w6z6Qia0',
231 silly reify   'C:\\TipTop\\careconnect-suite\\apps\\web\\node_modules\\js-tokens': 'C:\\TipTop\\careconnect-suite\\apps\\web\\node_modules\\.js-tokens-QrWXYtN0',
231 silly reify   'C:\\TipTop\\careconnect-suite\\apps\\web\\node_modules\\json5': 'C:\\TipTop\\careconnect-suite\\apps\\web\\node_modules\\.json5-hRsSQ1pE',
231 silly reify   'C:\\TipTop\\careconnect-suite\\apps\\web\\node_modules\\lines-and-columns': 'C:\\TipTop\\careconnect-suite\\apps\\web\\node_modules\\.lines-and-columns-d15xKjqa',
231 silly reify   'C:\\TipTop\\careconnect-suite\\apps\\web\\node_modules\\is-number': 'C:\\TipTop\\careconnect-suite\\apps\\web\\node_modules\\.is-number-6MzmunG6',
231 silly reify   'C:\\TipTop\\careconnect-suite\\apps\\web\\node_modules\\lodash': 'C:\\TipTop\\careconnect-suite\\apps\\web\\node_modules\\.lodash-GQ1fBwNo',
231 silly reify   'C:\\TipTop\\careconnect-suite\\apps\\web\\node_modules\\lilconfig': 'C:\\TipTop\\careconnect-suite\\apps\\web\\node_modules\\.lilconfig-GRlFqaf1',
231 silly reify   'C:\\TipTop\\careconnect-suite\\apps\\web\\node_modules\\lodash-es': 'C:\\TipTop\\careconnect-suite\\apps\\web\\node_modules\\.lodash-es-8ZDqO6KO',
231 silly reify   'C:\\TipTop\\careconnect-suite\\apps\\web\\node_modules\\lru-cache': 'C:\\TipTop\\careconnect-suite\\apps\\web\\node_modules\\.lru-cache-wOVJahd4',
231 silly reify   'C:\\TipTop\\careconnect-suite\\apps\\web\\node_modules\\lucide-react': 'C:\\TipTop\\careconnect-suite\\apps\\web\\node_modules\\.lucide-react-PDAyboWM',
231 silly reify   'C:\\TipTop\\careconnect-suite\\apps\\web\\node_modules\\loose-envify': 'C:\\TipTop\\careconnect-suite\\apps\\web\\node_modules\\.loose-envify-Ral2FIeS',
231 silly reify   'C:\\TipTop\\careconnect-suite\\apps\\web\\node_modules\\luxon': 'C:\\TipTop\\careconnect-suite\\apps\\web\\node_modules\\.luxon-KBA9CFfA',
231 silly reify   'C:\\TipTop\\careconnect-suite\\apps\\web\\node_modules\\math-intrinsics': 'C:\\TipTop\\careconnect-suite\\apps\\web\\node_modules\\.math-intrinsics-iPz1n4cO',
231 silly reify   'C:\\TipTop\\careconnect-suite\\apps\\web\\node_modules\\memoize-one': 'C:\\TipTop\\careconnect-suite\\apps\\web\\node_modules\\.memoize-one-BdT3PgRQ',
231 silly reify   'C:\\TipTop\\careconnect-suite\\apps\\web\\node_modules\\merge2': 'C:\\TipTop\\careconnect-suite\\apps\\web\\node_modules\\.merge2-rTZQDbMF',
231 silly reify   'C:\\TipTop\\careconnect-suite\\apps\\web\\node_modules\\mime-db': 'C:\\TipTop\\careconnect-suite\\apps\\web\\node_modules\\.mime-db-nmA9yaD7',
231 silly reify   'C:\\TipTop\\careconnect-suite\\apps\\web\\node_modules\\mime-types': 'C:\\TipTop\\careconnect-suite\\apps\\web\\node_modules\\.mime-types-jhAUpd2G',
231 silly reify   'C:\\TipTop\\careconnect-suite\\apps\\web\\node_modules\\micromatch': 'C:\\TipTop\\careconnect-suite\\apps\\web\\node_modules\\.micromatch-r4Zu9JuU',
231 silly reify   'C:\\TipTop\\careconnect-suite\\apps\\web\\node_modules\\minipass': 'C:\\TipTop\\careconnect-suite\\apps\\web\\node_modules\\.minipass-oMHgOXA0',
231 silly reify   'C:\\TipTop\\careconnect-suite\\apps\\web\\node_modules\\moment': 'C:\\TipTop\\careconnect-suite\\apps\\web\\node_modules\\.moment-6eVSjDGB',
231 silly reify   'C:\\TipTop\\careconnect-suite\\apps\\web\\node_modules\\minimatch': 'C:\\TipTop\\careconnect-suite\\apps\\web\\node_modules\\.minimatch-M9vfTVQS',
231 silly reify   'C:\\TipTop\\careconnect-suite\\apps\\web\\node_modules\\moment-timezone': 'C:\\TipTop\\careconnect-suite\\apps\\web\\node_modules\\.moment-timezone-0n0RTdwI',
231 silly reify   'C:\\TipTop\\careconnect-suite\\apps\\web\\node_modules\\motion-dom': 'C:\\TipTop\\careconnect-suite\\apps\\web\\node_modules\\.motion-dom-FJAyjYCR',
231 silly reify   'C:\\TipTop\\careconnect-suite\\apps\\web\\node_modules\\motion-utils': 'C:\\TipTop\\careconnect-suite\\apps\\web\\node_modules\\.motion-utils-JcbRLGEG',
231 silly reify   'C:\\TipTop\\careconnect-suite\\apps\\web\\node_modules\\ms': 'C:\\TipTop\\careconnect-suite\\apps\\web\\node_modules\\.ms-q5uSMiRL',
231 silly reify   'C:\\TipTop\\careconnect-suite\\apps\\web\\node_modules\\normalize-path': 'C:\\TipTop\\careconnect-suite\\apps\\web\\node_modules\\.normalize-path-sCIHVHEG',
231 silly reify   'C:\\TipTop\\careconnect-suite\\apps\\web\\node_modules\\nanoid': 'C:\\TipTop\\careconnect-suite\\apps\\web\\node_modules\\.nanoid-M6BGBoWT',
231 silly reify   'C:\\TipTop\\careconnect-suite\\apps\\web\\node_modules\\mz': 'C:\\TipTop\\careconnect-suite\\apps\\web\\node_modules\\.mz-a3thVFjl',
231 silly reify   'C:\\TipTop\\careconnect-suite\\apps\\web\\node_modules\\normalize-range': 'C:\\TipTop\\careconnect-suite\\apps\\web\\node_modules\\.normalize-range-V34W7y3t',
231 silly reify   'C:\\TipTop\\careconnect-suite\\apps\\web\\node_modules\\node-releases': 'C:\\TipTop\\careconnect-suite\\apps\\web\\node_modules\\.node-releases-Lk3rdjN8',
231 silly reify   'C:\\TipTop\\careconnect-suite\\apps\\web\\node_modules\\object-assign': 'C:\\TipTop\\careconnect-suite\\apps\\web\\node_modules\\.object-assign-o0yCso3y',
231 silly reify   'C:\\TipTop\\careconnect-suite\\apps\\web\\node_modules\\object-hash': 'C:\\TipTop\\careconnect-suite\\apps\\web\\node_modules\\.object-hash-vjWdCuXc',
231 silly reify   'C:\\TipTop\\careconnect-suite\\apps\\web\\node_modules\\package-json-from-dist': 'C:\\TipTop\\careconnect-suite\\apps\\web\\node_modules\\.package-json-from-dist-1RrWfh5O',
231 silly reify   'C:\\TipTop\\careconnect-suite\\apps\\web\\node_modules\\path-key': 'C:\\TipTop\\careconnect-suite\\apps\\web\\node_modules\\.path-key-xDs4g9Tk',
231 silly reify   'C:\\TipTop\\careconnect-suite\\apps\\web\\node_modules\\picocolors': 'C:\\TipTop\\careconnect-suite\\apps\\web\\node_modules\\.picocolors-69VwuY6B',
231 silly reify   'C:\\TipTop\\careconnect-suite\\apps\\web\\node_modules\\pify': 'C:\\TipTop\\careconnect-suite\\apps\\web\\node_modules\\.pify-r9z51p1X',
231 silly reify   'C:\\TipTop\\careconnect-suite\\apps\\web\\node_modules\\path-scurry': 'C:\\TipTop\\careconnect-suite\\apps\\web\\node_modules\\.path-scurry-9ah9b45M',
231 silly reify   'C:\\TipTop\\careconnect-suite\\apps\\web\\node_modules\\path-parse': 'C:\\TipTop\\careconnect-suite\\apps\\web\\node_modules\\.path-parse-hlNcenhj',
231 silly reify   'C:\\TipTop\\careconnect-suite\\apps\\web\\node_modules\\pirates': 'C:\\TipTop\\careconnect-suite\\apps\\web\\node_modules\\.pirates-L2GfQ6KB',
231 silly reify   'C:\\TipTop\\careconnect-suite\\apps\\web\\node_modules\\postcss': 'C:\\TipTop\\careconnect-suite\\apps\\web\\node_modules\\.postcss-05L2QBYM',
231 silly reify   'C:\\TipTop\\careconnect-suite\\apps\\web\\node_modules\\postcss-js': 'C:\\TipTop\\careconnect-suite\\apps\\web\\node_modules\\.postcss-js-dKq3B41U',
231 silly reify   'C:\\TipTop\\careconnect-suite\\apps\\web\\node_modules\\picomatch': 'C:\\TipTop\\careconnect-suite\\apps\\web\\node_modules\\.picomatch-KNlUA1Ro',
231 silly reify   'C:\\TipTop\\careconnect-suite\\apps\\web\\node_modules\\postcss-import': 'C:\\TipTop\\careconnect-suite\\apps\\web\\node_modules\\.postcss-import-oAIplMHQ',
231 silly reify   'C:\\TipTop\\careconnect-suite\\apps\\web\\node_modules\\postcss-load-config': 'C:\\TipTop\\careconnect-suite\\apps\\web\\node_modules\\.postcss-load-config-RxYRo3s5',
231 silly reify   'C:\\TipTop\\careconnect-suite\\apps\\web\\node_modules\\postcss-selector-parser': 'C:\\TipTop\\careconnect-suite\\apps\\web\\node_modules\\.postcss-selector-parser-ERIMblk1',
231 silly reify   'C:\\TipTop\\careconnect-suite\\apps\\web\\node_modules\\prop-types': 'C:\\TipTop\\careconnect-suite\\apps\\web\\node_modules\\.prop-types-jtJtXYHW',
231 silly reify   'C:\\TipTop\\careconnect-suite\\apps\\web\\node_modules\\proxy-from-env': 'C:\\TipTop\\careconnect-suite\\apps\\web\\node_modules\\.proxy-from-env-JgDezS39',
231 silly reify   'C:\\TipTop\\careconnect-suite\\apps\\web\\node_modules\\postcss-value-parser': 'C:\\TipTop\\careconnect-suite\\apps\\web\\node_modules\\.postcss-value-parser-XJy1byWp',
231 silly reify   'C:\\TipTop\\careconnect-suite\\apps\\web\\node_modules\\queue-microtask': 'C:\\TipTop\\careconnect-suite\\apps\\web\\node_modules\\.queue-microtask-nbXdalUq',
231 silly reify   'C:\\TipTop\\careconnect-suite\\apps\\web\\node_modules\\react': 'C:\\TipTop\\careconnect-suite\\apps\\web\\node_modules\\.react-uUtopAJr',
231 silly reify   'C:\\TipTop\\careconnect-suite\\apps\\web\\node_modules\\react-big-calendar': 'C:\\TipTop\\careconnect-suite\\apps\\web\\node_modules\\.react-big-calendar-Bwts3XLX',
231 silly reify   'C:\\TipTop\\careconnect-suite\\apps\\web\\node_modules\\postcss-nested': 'C:\\TipTop\\careconnect-suite\\apps\\web\\node_modules\\.postcss-nested-F3ylTmSH',
231 silly reify   'C:\\TipTop\\careconnect-suite\\apps\\web\\node_modules\\react-dom': 'C:\\TipTop\\careconnect-suite\\apps\\web\\node_modules\\.react-dom-DRHHme0A',
231 silly reify   'C:\\TipTop\\careconnect-suite\\apps\\web\\node_modules\\react-is': 'C:\\TipTop\\careconnect-suite\\apps\\web\\node_modules\\.react-is-Drmh3ZmZ',
231 silly reify   'C:\\TipTop\\careconnect-suite\\apps\\web\\node_modules\\react-lifecycles-compat': 'C:\\TipTop\\careconnect-suite\\apps\\web\\node_modules\\.react-lifecycles-compat-hbNDvzuC',
231 silly reify   'C:\\TipTop\\careconnect-suite\\apps\\web\\node_modules\\react-overlays': 'C:\\TipTop\\careconnect-suite\\apps\\web\\node_modules\\.react-overlays-D7V2m2p4',
231 silly reify   'C:\\TipTop\\careconnect-suite\\apps\\web\\node_modules\\react-router-dom': 'C:\\TipTop\\careconnect-suite\\apps\\web\\node_modules\\.react-router-dom-qdtOf7If',
231 silly reify   'C:\\TipTop\\careconnect-suite\\apps\\web\\node_modules\\read-cache': 'C:\\TipTop\\careconnect-suite\\apps\\web\\node_modules\\.read-cache-rWTFoYSx',
231 silly reify   'C:\\TipTop\\careconnect-suite\\apps\\web\\node_modules\\react-router': 'C:\\TipTop\\careconnect-suite\\apps\\web\\node_modules\\.react-router-u3Iy0USp',
231 silly reify   'C:\\TipTop\\careconnect-suite\\apps\\web\\node_modules\\readdirp': 'C:\\TipTop\\careconnect-suite\\apps\\web\\node_modules\\.readdirp-dXYYL6Gn',
231 silly reify   'C:\\TipTop\\careconnect-suite\\apps\\web\\node_modules\\rollup': 'C:\\TipTop\\careconnect-suite\\apps\\web\\node_modules\\.rollup-PRJfgrXO',
231 silly reify   'C:\\TipTop\\careconnect-suite\\apps\\web\\node_modules\\resolve': 'C:\\TipTop\\careconnect-suite\\apps\\web\\node_modules\\.resolve-PsKxo4Yo',
231 silly reify   'C:\\TipTop\\careconnect-suite\\apps\\web\\node_modules\\react-refresh': 'C:\\TipTop\\careconnect-suite\\apps\\web\\node_modules\\.react-refresh-NuWz388w',
231 silly reify   'C:\\TipTop\\careconnect-suite\\apps\\web\\node_modules\\reusify': 'C:\\TipTop\\careconnect-suite\\apps\\web\\node_modules\\.reusify-F6cJ8cfl',
231 silly reify   'C:\\TipTop\\careconnect-suite\\apps\\web\\node_modules\\scheduler': 'C:\\TipTop\\careconnect-suite\\apps\\web\\node_modules\\.scheduler-Mq2Wmoap',
231 silly reify   'C:\\TipTop\\careconnect-suite\\apps\\web\\node_modules\\semver': 'C:\\TipTop\\careconnect-suite\\apps\\web\\node_modules\\.semver-PAxxpJRW',
231 silly reify   'C:\\TipTop\\careconnect-suite\\apps\\web\\node_modules\\shebang-command': 'C:\\TipTop\\careconnect-suite\\apps\\web\\node_modules\\.shebang-command-noK1iYzN',
231 silly reify   'C:\\TipTop\\careconnect-suite\\apps\\web\\node_modules\\signal-exit': 'C:\\TipTop\\careconnect-suite\\apps\\web\\node_modules\\.signal-exit-J5W5eJIT',
231 silly reify   'C:\\TipTop\\careconnect-suite\\apps\\web\\node_modules\\shebang-regex': 'C:\\TipTop\\careconnect-suite\\apps\\web\\node_modules\\.shebang-regex-KLXU9DrX',
231 silly reify   'C:\\TipTop\\careconnect-suite\\apps\\web\\node_modules\\source-map-js': 'C:\\TipTop\\careconnect-suite\\apps\\web\\node_modules\\.source-map-js-Y4nwG4Dl',
231 silly reify   'C:\\TipTop\\careconnect-suite\\apps\\web\\node_modules\\string-width': 'C:\\TipTop\\careconnect-suite\\apps\\web\\node_modules\\.string-width-SsdXRF41',
231 silly reify   'C:\\TipTop\\careconnect-suite\\apps\\web\\node_modules\\strip-ansi': 'C:\\TipTop\\careconnect-suite\\apps\\web\\node_modules\\.strip-ansi-plRXtvP7',
231 silly reify   'C:\\TipTop\\careconnect-suite\\apps\\web\\node_modules\\strip-ansi-cjs': 'C:\\TipTop\\careconnect-suite\\apps\\web\\node_modules\\.strip-ansi-cjs-Yw3X9Y7t',
231 silly reify   'C:\\TipTop\\careconnect-suite\\apps\\web\\node_modules\\sucrase': 'C:\\TipTop\\careconnect-suite\\apps\\web\\node_modules\\.sucrase-QZPLaAZ4',
231 silly reify   'C:\\TipTop\\careconnect-suite\\apps\\web\\node_modules\\run-parallel': 'C:\\TipTop\\careconnect-suite\\apps\\web\\node_modules\\.run-parallel-Rn9rKuBv',
231 silly reify   'C:\\TipTop\\careconnect-suite\\apps\\web\\node_modules\\supports-preserve-symlinks-flag': 'C:\\TipTop\\careconnect-suite\\apps\\web\\node_modules\\.supports-preserve-symlinks-flag-uqZiWwRN',
231 silly reify   'C:\\TipTop\\careconnect-suite\\apps\\web\\node_modules\\tailwindcss': 'C:\\TipTop\\careconnect-suite\\apps\\web\\node_modules\\.tailwindcss-UGoXvvWc',
231 silly reify   'C:\\TipTop\\careconnect-suite\\apps\\web\\node_modules\\thenify-all': 'C:\\TipTop\\careconnect-suite\\apps\\web\\node_modules\\.thenify-all-n6L7SNiR',
231 silly reify   'C:\\TipTop\\careconnect-suite\\apps\\web\\node_modules\\tinyglobby': 'C:\\TipTop\\careconnect-suite\\apps\\web\\node_modules\\.tinyglobby-xOJ1LYDN',
231 silly reify   'C:\\TipTop\\careconnect-suite\\apps\\web\\node_modules\\string-width-cjs': 'C:\\TipTop\\careconnect-suite\\apps\\web\\node_modules\\.string-width-cjs-l2skOkil',
231 silly reify   'C:\\TipTop\\careconnect-suite\\apps\\web\\node_modules\\thenify': 'C:\\TipTop\\careconnect-suite\\apps\\web\\node_modules\\.thenify-GqbvoB2C',
231 silly reify   'C:\\TipTop\\careconnect-suite\\apps\\web\\node_modules\\to-regex-range': 'C:\\TipTop\\careconnect-suite\\apps\\web\\node_modules\\.to-regex-range-MKxL4vNx',
231 silly reify   'C:\\TipTop\\careconnect-suite\\apps\\web\\node_modules\\ts-interface-checker': 'C:\\TipTop\\careconnect-suite\\apps\\web\\node_modules\\.ts-interface-checker-qzKvRbRM',
231 silly reify   'C:\\TipTop\\careconnect-suite\\apps\\web\\node_modules\\uncontrollable': 'C:\\TipTop\\careconnect-suite\\apps\\web\\node_modules\\.uncontrollable-eVNtFXp7',
231 silly reify   'C:\\TipTop\\careconnect-suite\\apps\\web\\node_modules\\update-browserslist-db': 'C:\\TipTop\\careconnect-suite\\apps\\web\\node_modules\\.update-browserslist-db-hwC9yxB7',
231 silly reify   'C:\\TipTop\\careconnect-suite\\apps\\web\\node_modules\\vite': 'C:\\TipTop\\careconnect-suite\\apps\\web\\node_modules\\.vite-YT7OzVMA',
231 silly reify   'C:\\TipTop\\careconnect-suite\\apps\\web\\node_modules\\util-deprecate': 'C:\\TipTop\\careconnect-suite\\apps\\web\\node_modules\\.util-deprecate-gHlraZ1a',
231 silly reify   'C:\\TipTop\\careconnect-suite\\apps\\web\\node_modules\\warning': 'C:\\TipTop\\careconnect-suite\\apps\\web\\node_modules\\.warning-Ul6o6TNF',
231 silly reify   'C:\\TipTop\\careconnect-suite\\apps\\web\\node_modules\\which': 'C:\\TipTop\\careconnect-suite\\apps\\web\\node_modules\\.which-fnpvlHI4',
231 silly reify   'C:\\TipTop\\careconnect-suite\\apps\\web\\node_modules\\tslib': 'C:\\TipTop\\careconnect-suite\\apps\\web\\node_modules\\.tslib-7QFFlEVO',
231 silly reify   'C:\\TipTop\\careconnect-suite\\apps\\web\\node_modules\\wrap-ansi': 'C:\\TipTop\\careconnect-suite\\apps\\web\\node_modules\\.wrap-ansi-kVfBFeKJ',
231 silly reify   'C:\\TipTop\\careconnect-suite\\apps\\web\\node_modules\\wrap-ansi-cjs': 'C:\\TipTop\\careconnect-suite\\apps\\web\\node_modules\\.wrap-ansi-cjs-cWVMMhqY',
231 silly reify   'C:\\TipTop\\careconnect-suite\\apps\\web\\node_modules\\yallist': 'C:\\TipTop\\careconnect-suite\\apps\\web\\node_modules\\.yallist-r9j1KSwF',
231 silly reify   'C:\\TipTop\\careconnect-suite\\apps\\web\\node_modules\\@alloc\\quick-lru': 'C:\\TipTop\\careconnect-suite\\apps\\web\\node_modules\\@alloc\\.quick-lru-wfTFxiZa',
231 silly reify   'C:\\TipTop\\careconnect-suite\\apps\\web\\node_modules\\@babel\\code-frame': 'C:\\TipTop\\careconnect-suite\\apps\\web\\node_modules\\@babel\\.code-frame-yBM5cssE',
231 silly reify   'C:\\TipTop\\careconnect-suite\\apps\\web\\node_modules\\@babel\\compat-data': 'C:\\TipTop\\careconnect-suite\\apps\\web\\node_modules\\@babel\\.compat-data-Xg9NHp0k',
231 silly reify   'C:\\TipTop\\careconnect-suite\\apps\\web\\node_modules\\@babel\\core': 'C:\\TipTop\\careconnect-suite\\apps\\web\\node_modules\\@babel\\.core-9sZsxcPT',
231 silly reify   'C:\\TipTop\\careconnect-suite\\apps\\web\\node_modules\\@babel\\generator': 'C:\\TipTop\\careconnect-suite\\apps\\web\\node_modules\\@babel\\.generator-CWZ1S9us',
231 silly reify   'C:\\TipTop\\careconnect-suite\\apps\\web\\node_modules\\@babel\\helper-globals': 'C:\\TipTop\\careconnect-suite\\apps\\web\\node_modules\\@babel\\.helper-globals-M7cR7EiG',
231 silly reify   'C:\\TipTop\\careconnect-suite\\apps\\web\\node_modules\\@babel\\helper-module-imports': 'C:\\TipTop\\careconnect-suite\\apps\\web\\node_modules\\@babel\\.helper-module-imports-YNTx5R9P',
231 silly reify   'C:\\TipTop\\careconnect-suite\\apps\\web\\node_modules\\@babel\\helper-compilation-targets': 'C:\\TipTop\\careconnect-suite\\apps\\web\\node_modules\\@babel\\.helper-compilation-targets-1uFn4Y7c',
231 silly reify   'C:\\TipTop\\careconnect-suite\\apps\\web\\node_modules\\@babel\\helper-plugin-utils': 'C:\\TipTop\\careconnect-suite\\apps\\web\\node_modules\\@babel\\.helper-plugin-utils-CxRR5krA',
231 silly reify   'C:\\TipTop\\careconnect-suite\\apps\\web\\node_modules\\@babel\\helper-string-parser': 'C:\\TipTop\\careconnect-suite\\apps\\web\\node_modules\\@babel\\.helper-string-parser-hpxkp3or',
231 silly reify   'C:\\TipTop\\careconnect-suite\\apps\\web\\node_modules\\@babel\\helper-validator-option': 'C:\\TipTop\\careconnect-suite\\apps\\web\\node_modules\\@babel\\.helper-validator-option-72SD4pyM',
231 silly reify   'C:\\TipTop\\careconnect-suite\\apps\\web\\node_modules\\@babel\\helpers': 'C:\\TipTop\\careconnect-suite\\apps\\web\\node_modules\\@babel\\.helpers-ZW9eHbOa',
231 silly reify   'C:\\TipTop\\careconnect-suite\\apps\\web\\node_modules\\@babel\\parser': 'C:\\TipTop\\careconnect-suite\\apps\\web\\node_modules\\@babel\\.parser-i7ik42Vr',
231 silly reify   'C:\\TipTop\\careconnect-suite\\apps\\web\\node_modules\\@babel\\helper-module-transforms': 'C:\\TipTop\\careconnect-suite\\apps\\web\\node_modules\\@babel\\.helper-module-transforms-bXM6PsM0',
231 silly reify   'C:\\TipTop\\careconnect-suite\\apps\\web\\node_modules\\@babel\\plugin-transform-react-jsx-self': 'C:\\TipTop\\careconnect-suite\\apps\\web\\node_modules\\@babel\\.plugin-transform-react-jsx-self-7gbxA54Z',
231 silly reify   'C:\\TipTop\\careconnect-suite\\apps\\web\\node_modules\\@babel\\helper-validator-identifier': 'C:\\TipTop\\careconnect-suite\\apps\\web\\node_modules\\@babel\\.helper-validator-identifier-sOeGnMJY',
231 silly reify   'C:\\TipTop\\careconnect-suite\\apps\\web\\node_modules\\@babel\\plugin-transform-react-jsx-source': 'C:\\TipTop\\careconnect-suite\\apps\\web\\node_modules\\@babel\\.plugin-transform-react-jsx-source-O7RPZRt2',
231 silly reify   'C:\\TipTop\\careconnect-suite\\apps\\web\\node_modules\\@babel\\runtime': 'C:\\TipTop\\careconnect-suite\\apps\\web\\node_modules\\@babel\\.runtime-h8jB4CNN',
231 silly reify   'C:\\TipTop\\careconnect-suite\\apps\\web\\node_modules\\@babel\\template': 'C:\\TipTop\\careconnect-suite\\apps\\web\\node_modules\\@babel\\.template-FVWTcUsN',
231 silly reify   'C:\\TipTop\\careconnect-suite\\apps\\web\\node_modules\\@babel\\types': 'C:\\TipTop\\careconnect-suite\\apps\\web\\node_modules\\@babel\\.types-ia2p3VrW',
231 silly reify   'C:\\TipTop\\careconnect-suite\\apps\\web\\node_modules\\@babel\\traverse': 'C:\\TipTop\\careconnect-suite\\apps\\web\\node_modules\\@babel\\.traverse-Ax7keefr',
231 silly reify   'C:\\TipTop\\careconnect-suite\\apps\\web\\node_modules\\@esbuild\\win32-x64': 'C:\\TipTop\\careconnect-suite\\apps\\web\\node_modules\\@esbuild\\.win32-x64-qWkh8vrn',
231 silly reify   'C:\\TipTop\\careconnect-suite\\apps\\web\\node_modules\\@jridgewell\\gen-mapping': 'C:\\TipTop\\careconnect-suite\\apps\\web\\node_modules\\@jridgewell\\.gen-mapping-cFxugexY',
231 silly reify   'C:\\TipTop\\careconnect-suite\\apps\\web\\node_modules\\@jridgewell\\remapping': 'C:\\TipTop\\careconnect-suite\\apps\\web\\node_modules\\@jridgewell\\.remapping-TUDTCGHl',
231 silly reify   'C:\\TipTop\\careconnect-suite\\apps\\web\\node_modules\\@jridgewell\\resolve-uri': 'C:\\TipTop\\careconnect-suite\\apps\\web\\node_modules\\@jridgewell\\.resolve-uri-u6hG33R9',
231 silly reify   'C:\\TipTop\\careconnect-suite\\apps\\web\\node_modules\\@jridgewell\\trace-mapping': 'C:\\TipTop\\careconnect-suite\\apps\\web\\node_modules\\@jridgewell\\.trace-mapping-iHK7egFs',
231 silly reify   'C:\\TipTop\\careconnect-suite\\apps\\web\\node_modules\\@pkgjs\\parseargs': 'C:\\TipTop\\careconnect-suite\\apps\\web\\node_modules\\@pkgjs\\.parseargs-S8MB3M81',
231 silly reify   'C:\\TipTop\\careconnect-suite\\apps\\web\\node_modules\\@jridgewell\\sourcemap-codec': 'C:\\TipTop\\careconnect-suite\\apps\\web\\node_modules\\@jridgewell\\.sourcemap-codec-m1vElMj5',
231 silly reify   'C:\\TipTop\\careconnect-suite\\apps\\web\\node_modules\\@react-oauth\\google': 'C:\\TipTop\\careconnect-suite\\apps\\web\\node_modules\\@react-oauth\\.google-EQpYaEgZ',
231 silly reify   'C:\\TipTop\\careconnect-suite\\apps\\web\\node_modules\\@remix-run\\router': 'C:\\TipTop\\careconnect-suite\\apps\\web\\node_modules\\@remix-run\\.router-cQjhy59O',
231 silly reify   'C:\\TipTop\\careconnect-suite\\apps\\web\\node_modules\\@isaacs\\cliui': 'C:\\TipTop\\careconnect-suite\\apps\\web\\node_modules\\@isaacs\\.cliui-3deldP9b',
231 silly reify   'C:\\TipTop\\careconnect-suite\\apps\\web\\node_modules\\@restart\\hooks': 'C:\\TipTop\\careconnect-suite\\apps\\web\\node_modules\\@restart\\.hooks-j9XDtSYd',
231 silly reify   'C:\\TipTop\\careconnect-suite\\apps\\web\\node_modules\\@rolldown\\pluginutils': 'C:\\TipTop\\careconnect-suite\\apps\\web\\node_modules\\@rolldown\\.pluginutils-KeXQBBka',
231 silly reify   'C:\\TipTop\\careconnect-suite\\apps\\web\\node_modules\\@nodelib\\fs.stat': 'C:\\TipTop\\careconnect-suite\\apps\\web\\node_modules\\@nodelib\\.fs.stat-wocPC7fx',
231 silly reify   'C:\\TipTop\\careconnect-suite\\apps\\web\\node_modules\\@nodelib\\fs.scandir': 'C:\\TipTop\\careconnect-suite\\apps\\web\\node_modules\\@nodelib\\.fs.scandir-2sKSHxxK',
231 silly reify   'C:\\TipTop\\careconnect-suite\\apps\\web\\node_modules\\@nodelib\\fs.walk': 'C:\\TipTop\\careconnect-suite\\apps\\web\\node_modules\\@nodelib\\.fs.walk-MBWhz6kV',
231 silly reify   'C:\\TipTop\\careconnect-suite\\apps\\web\\node_modules\\@popperjs\\core': 'C:\\TipTop\\careconnect-suite\\apps\\web\\node_modules\\@popperjs\\.core-RvTGdL4X',
231 silly reify   'C:\\TipTop\\careconnect-suite\\apps\\web\\node_modules\\@rollup\\rollup-win32-x64-gnu': 'C:\\TipTop\\careconnect-suite\\apps\\web\\node_modules\\@rollup\\.rollup-win32-x64-gnu-7u4ZHpgg',
231 silly reify   'C:\\TipTop\\careconnect-suite\\apps\\web\\node_modules\\@types\\babel__core': 'C:\\TipTop\\careconnect-suite\\apps\\web\\node_modules\\@types\\.babel__core-uYtCONVe',
231 silly reify   'C:\\TipTop\\careconnect-suite\\apps\\web\\node_modules\\@rollup\\rollup-win32-x64-msvc': 'C:\\TipTop\\careconnect-suite\\apps\\web\\node_modules\\@rollup\\.rollup-win32-x64-msvc-PEjpnXdO',
231 silly reify   'C:\\TipTop\\careconnect-suite\\apps\\web\\node_modules\\@types\\babel__generator': 'C:\\TipTop\\careconnect-suite\\apps\\web\\node_modules\\@types\\.babel__generator-Swj4kB5q',
231 silly reify   'C:\\TipTop\\careconnect-suite\\apps\\web\\node_modules\\@types\\babel__template': 'C:\\TipTop\\careconnect-suite\\apps\\web\\node_modules\\@types\\.babel__template-zGriB60B',
231 silly reify   'C:\\TipTop\\careconnect-suite\\apps\\web\\node_modules\\@types\\babel__traverse': 'C:\\TipTop\\careconnect-suite\\apps\\web\\node_modules\\@types\\.babel__traverse-CRHzXVlV',
231 silly reify   'C:\\TipTop\\careconnect-suite\\apps\\web\\node_modules\\@types\\estree': 'C:\\TipTop\\careconnect-suite\\apps\\web\\node_modules\\@types\\.estree-uNsMoDT4',
231 silly reify   'C:\\TipTop\\careconnect-suite\\apps\\web\\node_modules\\@types\\react': 'C:\\TipTop\\careconnect-suite\\apps\\web\\node_modules\\@types\\.react-8mngGgQo',
231 silly reify   'C:\\TipTop\\careconnect-suite\\apps\\web\\node_modules\\@types\\warning': 'C:\\TipTop\\careconnect-suite\\apps\\web\\node_modules\\@types\\.warning-i04f9wN3',
231 silly reify   'C:\\TipTop\\careconnect-suite\\apps\\web\\node_modules\\@vitejs\\plugin-react': 'C:\\TipTop\\careconnect-suite\\apps\\web\\node_modules\\@vitejs\\.plugin-react-ZSbhczTA'
231 silly reify }
232 silly audit bulk request {
232 silly audit   '@alloc/quick-lru': [ '5.2.0' ],
232 silly audit   '@babel/code-frame': [ '7.29.7' ],
232 silly audit   '@babel/compat-data': [ '7.29.7' ],
232 silly audit   '@babel/core': [ '7.29.7' ],
232 silly audit   '@babel/generator': [ '7.29.7' ],
232 silly audit   '@babel/helper-compilation-targets': [ '7.29.7' ],
232 silly audit   '@babel/helper-globals': [ '7.29.7' ],
232 silly audit   '@babel/helper-module-imports': [ '7.29.7' ],
232 silly audit   '@babel/helper-module-transforms': [ '7.29.7' ],
232 silly audit   '@babel/helper-plugin-utils': [ '7.27.1' ],
232 silly audit   '@babel/helper-string-parser': [ '7.29.7' ],
232 silly audit   '@babel/helper-validator-identifier': [ '7.29.7' ],
232 silly audit   '@babel/helper-validator-option': [ '7.29.7' ],
232 silly audit   '@babel/helpers': [ '7.29.7' ],
232 silly audit   '@babel/parser': [ '7.29.7' ],
232 silly audit   '@babel/plugin-transform-react-jsx-self': [ '7.27.1' ],
232 silly audit   '@babel/plugin-transform-react-jsx-source': [ '7.27.1' ],
232 silly audit   '@babel/runtime': [ '7.29.7' ],
232 silly audit   '@babel/template': [ '7.29.7' ],
232 silly audit   '@babel/traverse': [ '7.29.7' ],
232 silly audit   '@babel/types': [ '7.29.7' ],
232 silly audit   '@esbuild/aix-ppc64': [ '0.25.12' ],
232 silly audit   '@esbuild/android-arm': [ '0.25.12' ],
232 silly audit   '@esbuild/android-arm64': [ '0.25.12' ],
232 silly audit   '@esbuild/android-x64': [ '0.25.12' ],
232 silly audit   '@esbuild/darwin-arm64': [ '0.25.12' ],
232 silly audit   '@esbuild/darwin-x64': [ '0.25.12' ],
232 silly audit   '@esbuild/freebsd-arm64': [ '0.25.12' ],
232 silly audit   '@esbuild/freebsd-x64': [ '0.25.12' ],
232 silly audit   '@esbuild/linux-arm': [ '0.25.12' ],
232 silly audit   '@esbuild/linux-arm64': [ '0.25.12' ],
232 silly audit   '@esbuild/linux-ia32': [ '0.25.12' ],
232 silly audit   '@esbuild/linux-loong64': [ '0.25.12' ],
232 silly audit   '@esbuild/linux-mips64el': [ '0.25.12' ],
232 silly audit   '@esbuild/linux-ppc64': [ '0.25.12' ],
232 silly audit   '@esbuild/linux-riscv64': [ '0.25.12' ],
232 silly audit   '@esbuild/linux-s390x': [ '0.25.12' ],
232 silly audit   '@esbuild/linux-x64': [ '0.25.12' ],
232 silly audit   '@esbuild/netbsd-arm64': [ '0.25.12' ],
232 silly audit   '@esbuild/netbsd-x64': [ '0.25.12' ],
232 silly audit   '@esbuild/openbsd-arm64': [ '0.25.12' ],
232 silly audit   '@esbuild/openbsd-x64': [ '0.25.12' ],
232 silly audit   '@esbuild/openharmony-arm64': [ '0.25.12' ],
232 silly audit   '@esbuild/sunos-x64': [ '0.25.12' ],
232 silly audit   '@esbuild/win32-arm64': [ '0.25.12' ],
232 silly audit   '@esbuild/win32-ia32': [ '0.25.12' ],
232 silly audit   '@esbuild/win32-x64': [ '0.25.12' ],
232 silly audit   '@isaacs/cliui': [ '8.0.2' ],
232 silly audit   '@jridgewell/gen-mapping': [ '0.3.13' ],
232 silly audit   '@jridgewell/remapping': [ '2.3.5' ],
232 silly audit   '@jridgewell/resolve-uri': [ '3.1.2' ],
232 silly audit   '@jridgewell/sourcemap-codec': [ '1.5.5' ],
232 silly audit   '@jridgewell/trace-mapping': [ '0.3.31' ],
232 silly audit   '@nodelib/fs.scandir': [ '2.1.5' ],
232 silly audit   '@nodelib/fs.stat': [ '2.0.5' ],
232 silly audit   '@nodelib/fs.walk': [ '1.2.8' ],
232 silly audit   '@pkgjs/parseargs': [ '0.11.0' ],
232 silly audit   '@popperjs/core': [ '2.11.8' ],
232 silly audit   '@react-oauth/google': [ '0.13.4' ],
232 silly audit   '@remix-run/router': [ '1.23.3' ],
232 silly audit   '@restart/hooks': [ '0.4.16' ],
232 silly audit   '@rolldown/pluginutils': [ '1.0.0-beta.27' ],
232 silly audit   '@rollup/rollup-android-arm-eabi': [ '4.60.2' ],
232 silly audit   '@rollup/rollup-android-arm64': [ '4.60.2' ],
232 silly audit   '@rollup/rollup-darwin-arm64': [ '4.60.2' ],
232 silly audit   '@rollup/rollup-darwin-x64': [ '4.60.2' ],
232 silly audit   '@rollup/rollup-freebsd-arm64': [ '4.60.2' ],
232 silly audit   '@rollup/rollup-freebsd-x64': [ '4.60.2' ],
232 silly audit   '@rollup/rollup-linux-arm-gnueabihf': [ '4.60.2' ],
232 silly audit   '@rollup/rollup-linux-arm-musleabihf': [ '4.60.2' ],
232 silly audit   '@rollup/rollup-linux-arm64-gnu': [ '4.60.2' ],
232 silly audit   '@rollup/rollup-linux-arm64-musl': [ '4.60.2' ],
232 silly audit   '@rollup/rollup-linux-loong64-gnu': [ '4.60.2' ],
232 silly audit   '@rollup/rollup-linux-loong64-musl': [ '4.60.2' ],
232 silly audit   '@rollup/rollup-linux-ppc64-gnu': [ '4.60.2' ],
232 silly audit   '@rollup/rollup-linux-ppc64-musl': [ '4.60.2' ],
232 silly audit   '@rollup/rollup-linux-riscv64-gnu': [ '4.60.2' ],
232 silly audit   '@rollup/rollup-linux-riscv64-musl': [ '4.60.2' ],
232 silly audit   '@rollup/rollup-linux-s390x-gnu': [ '4.60.2' ],
232 silly audit   '@rollup/rollup-linux-x64-gnu': [ '4.60.2' ],
232 silly audit   '@rollup/rollup-linux-x64-musl': [ '4.60.2' ],
232 silly audit   '@rollup/rollup-openbsd-x64': [ '4.60.2' ],
232 silly audit   '@rollup/rollup-openharmony-arm64': [ '4.60.2' ],
232 silly audit   '@rollup/rollup-win32-arm64-msvc': [ '4.60.2' ],
232 silly audit   '@rollup/rollup-win32-ia32-msvc': [ '4.60.2' ],
232 silly audit   '@rollup/rollup-win32-x64-gnu': [ '4.60.2' ],
232 silly audit   '@rollup/rollup-win32-x64-msvc': [ '4.60.2' ],
232 silly audit   '@types/babel__core': [ '7.20.5' ],
232 silly audit   '@types/babel__generator': [ '7.27.0' ],
232 silly audit   '@types/babel__template': [ '7.4.4' ],
232 silly audit   '@types/babel__traverse': [ '7.28.0' ],
232 silly audit   '@types/estree': [ '1.0.8' ],
232 silly audit   '@types/react': [ '19.2.17' ],
232 silly audit   '@types/warning': [ '3.0.4' ],
232 silly audit   '@vitejs/plugin-react': [ '4.7.0' ],
232 silly audit   'agent-base': [ '6.0.2' ],
232 silly audit   'ansi-regex': [ '6.2.2', '5.0.1' ],
232 silly audit   'ansi-styles': [ '6.2.3', '4.3.0' ],
232 silly audit   'any-promise': [ '1.3.0' ],
232 silly audit   anymatch: [ '3.1.3' ],
232 silly audit   arg: [ '5.0.2' ],
232 silly audit   asynckit: [ '0.4.0' ],
232 silly audit   autoprefixer: [ '10.4.21' ],
232 silly audit   axios: [ '1.18.1' ],
232 silly audit   'balanced-match': [ '1.0.2' ],
232 silly audit   'baseline-browser-mapping': [ '2.8.16' ],
232 silly audit   'binary-extensions': [ '2.3.0' ],
232 silly audit   'brace-expansion': [ '2.1.0' ],
232 silly audit   braces: [ '3.0.3' ],
232 silly audit   browserslist: [ '4.26.3' ],
232 silly audit   'call-bind-apply-helpers': [ '1.0.2' ],
232 silly audit   'camelcase-css': [ '2.0.1' ],
232 silly audit   'caniuse-lite': [ '1.0.30001750' ],
232 silly audit   chokidar: [ '3.6.0' ],
232 silly audit   'glob-parent': [ '5.1.2', '6.0.2' ],
232 silly audit   cldrjs: [ '0.5.5' ],
232 silly audit   clsx: [ '2.1.1' ],
232 silly audit   'color-convert': [ '2.0.1' ],
232 silly audit   'color-name': [ '1.1.4' ],
232 silly audit   'combined-stream': [ '1.0.8' ],
232 silly audit   commander: [ '4.1.1' ],
232 silly audit   'convert-source-map': [ '2.0.0' ],
232 silly audit   'cross-spawn': [ '7.0.6' ],
232 silly audit   cssesc: [ '3.0.0' ],
232 silly audit   csstype: [ '3.2.3' ],
232 silly audit   'date-arithmetic': [ '4.1.0' ],
232 silly audit   'date-fns': [ '4.4.0' ],
232 silly audit   dayjs: [ '1.11.21' ],
232 silly audit   debug: [ '4.4.3' ],
232 silly audit   'delayed-stream': [ '1.0.0' ],
232 silly audit   dequal: [ '2.0.3' ],
232 silly audit   didyoumean: [ '1.2.2' ],
232 silly audit   dlv: [ '1.1.3' ],
232 silly audit   'dom-helpers': [ '6.0.1', '5.2.1' ],
232 silly audit   'dunder-proto': [ '1.0.1' ],
232 silly audit   eastasianwidth: [ '0.2.0' ],
232 silly audit   'electron-to-chromium': [ '1.5.237' ],
232 silly audit   'emoji-regex': [ '9.2.2', '8.0.0' ],
232 silly audit   'es-define-property': [ '1.0.1' ],
232 silly audit   'es-errors': [ '1.3.0' ],
232 silly audit   'es-object-atoms': [ '1.1.1' ],
232 silly audit   'es-set-tostringtag': [ '2.1.0' ],
232 silly audit   esbuild: [ '0.25.12' ],
232 silly audit   escalade: [ '3.2.0' ],
232 silly audit   'fast-glob': [ '3.3.3' ],
232 silly audit   fastq: [ '1.19.1' ],
232 silly audit   'fill-range': [ '7.1.1' ],
232 silly audit   'follow-redirects': [ '1.16.0' ],
232 silly audit   'foreground-child': [ '3.3.1' ],
232 silly audit   'form-data': [ '4.0.6' ],
232 silly audit   'fraction.js': [ '4.3.7' ],
232 silly audit   'framer-motion': [ '12.23.24' ],
232 silly audit   fsevents: [ '2.3.3' ],
232 silly audit   'function-bind': [ '1.1.2' ],
232 silly audit   gensync: [ '1.0.0-beta.2' ],
232 silly audit   'get-intrinsic': [ '1.3.0' ],
232 silly audit   'get-proto': [ '1.0.1' ],
232 silly audit   glob: [ '10.5.0' ],
232 silly audit   globalize: [ '1.7.1' ],
232 silly audit   gopd: [ '1.2.0' ],
232 silly audit   'has-symbols': [ '1.1.0' ],
232 silly audit   'has-tostringtag': [ '1.0.2' ],
232 silly audit   hasown: [ '2.0.4' ],
232 silly audit   'https-proxy-agent': [ '5.0.1' ],
232 silly audit   invariant: [ '2.2.4' ],
232 silly audit   'is-binary-path': [ '2.1.0' ],
232 silly audit   'is-core-module': [ '2.16.1' ],
232 silly audit   'is-extglob': [ '2.1.1' ],
232 silly audit   'is-fullwidth-code-point': [ '3.0.0' ],
232 silly audit   'is-glob': [ '4.0.3' ],
232 silly audit   'is-number': [ '7.0.0' ],
232 silly audit   isexe: [ '2.0.0' ],
232 silly audit   jackspeak: [ '3.4.3' ],
232 silly audit   jiti: [ '1.21.7' ],
232 silly audit   'js-tokens': [ '4.0.0' ],
232 silly audit   jsesc: [ '3.1.0' ],
232 silly audit   json5: [ '2.2.3' ],
232 silly audit   lilconfig: [ '3.1.3' ],
232 silly audit   'lines-and-columns': [ '1.2.4' ],
232 silly audit   lodash: [ '4.18.1' ],
232 silly audit   'lodash-es': [ '4.18.1' ],
232 silly audit   'loose-envify': [ '1.4.0' ],
232 silly audit   'lru-cache': [ '5.1.1', '10.4.3' ],
232 silly audit   'lucide-react': [ '0.468.0' ],
232 silly audit   luxon: [ '3.7.2' ],
232 silly audit   'math-intrinsics': [ '1.1.0' ],
232 silly audit   'memoize-one': [ '6.0.0' ],
232 silly audit   merge2: [ '1.4.1' ],
232 silly audit   micromatch: [ '4.0.8' ],
232 silly audit   'mime-db': [ '1.52.0' ],
232 silly audit   'mime-types': [ '2.1.35' ],
232 silly audit   minimatch: [ '9.0.9' ],
232 silly audit   minipass: [ '7.1.2' ],
232 silly audit   moment: [ '2.30.1' ],
232 silly audit   'moment-timezone': [ '0.5.48' ],
232 silly audit   'motion-dom': [ '12.23.23' ],
232 silly audit   'motion-utils': [ '12.23.6' ],
232 silly audit   ms: [ '2.1.3' ],
232 silly audit   mz: [ '2.7.0' ],
232 silly audit   nanoid: [ '3.3.11' ],
232 silly audit   'node-releases': [ '2.0.23' ],
232 silly audit   'normalize-path': [ '3.0.0' ],
232 silly audit   'normalize-range': [ '0.1.2' ],
232 silly audit   'object-assign': [ '4.1.1' ],
232 silly audit   'object-hash': [ '3.0.0' ],
232 silly audit   'package-json-from-dist': [ '1.0.1' ],
232 silly audit   'path-key': [ '3.1.1' ],
232 silly audit   'path-parse': [ '1.0.7' ],
232 silly audit   'path-scurry': [ '1.11.1' ],
232 silly audit   picocolors: [ '1.1.1' ],
232 silly audit   picomatch: [ '2.3.2', '4.0.4' ],
232 silly audit   pify: [ '2.3.0' ],
232 silly audit   pirates: [ '4.0.7' ],
232 silly audit   postcss: [ '8.5.12' ],
232 silly audit   'postcss-import': [ '15.1.0' ],
232 silly audit   'postcss-js': [ '4.1.0' ],
232 silly audit   'postcss-load-config': [ '6.0.1' ],
232 silly audit   'postcss-nested': [ '6.2.0' ],
232 silly audit   'postcss-selector-parser': [ '6.1.2' ],
232 silly audit   'postcss-value-parser': [ '4.2.0' ],
232 silly audit   'prop-types': [ '15.8.1' ],
232 silly audit   'proxy-from-env': [ '2.1.0' ],
232 silly audit   'queue-microtask': [ '1.2.3' ],
232 silly audit   react: [ '18.3.1' ],
232 silly audit   'react-big-calendar': [ '1.20.0' ],
232 silly audit   'react-dom': [ '18.3.1' ],
232 silly audit   'react-is': [ '16.13.1' ],
232 silly audit   'react-lifecycles-compat': [ '3.0.4' ],
232 silly audit   'react-overlays': [ '5.2.1' ],
232 silly audit   'react-refresh': [ '0.17.0' ],
232 silly audit   'react-router': [ '6.30.4' ],
232 silly audit   'react-router-dom': [ '6.30.4' ],
232 silly audit   'read-cache': [ '1.0.0' ],
232 silly audit   readdirp: [ '3.6.0' ],
232 silly audit   resolve: [ '1.22.10' ],
232 silly audit   reusify: [ '1.1.0' ],
232 silly audit   rollup: [ '4.60.2' ],
232 silly audit   'run-parallel': [ '1.2.0' ],
232 silly audit   scheduler: [ '0.23.2' ],
232 silly audit   semver: [ '6.3.1' ],
232 silly audit   'shebang-command': [ '2.0.0' ],
232 silly audit   'shebang-regex': [ '3.0.0' ],
232 silly audit   'signal-exit': [ '4.1.0' ],
232 silly audit   'source-map-js': [ '1.2.1' ],
232 silly audit   'string-width': [ '5.1.2', '4.2.3' ],
232 silly audit   'strip-ansi': [ '6.0.1', '7.1.2' ],
232 silly audit   sucrase: [ '3.35.0' ],
232 silly audit   'supports-preserve-symlinks-flag': [ '1.0.0' ],
232 silly audit   tailwindcss: [ '3.4.18' ],
232 silly audit   thenify: [ '3.3.1' ],
232 silly audit   'thenify-all': [ '1.6.0' ],
232 silly audit   tinyglobby: [ '0.2.16' ],
232 silly audit   fdir: [ '6.5.0' ],
232 silly audit   'to-regex-range': [ '5.0.1' ],
232 silly audit   'ts-interface-checker': [ '0.1.13' ],
232 silly audit   tslib: [ '2.8.1' ],
232 silly audit   uncontrollable: [ '7.2.1' ],
232 silly audit   'update-browserslist-db': [ '1.1.3' ],
232 silly audit   'util-deprecate': [ '1.0.2' ],
232 silly audit   vite: [ '6.4.3' ],
232 silly audit   warning: [ '4.0.3' ],
232 silly audit   which: [ '2.0.2' ],
232 silly audit   'wrap-ansi': [ '8.1.0', '7.0.0' ],
232 silly audit   yallist: [ '3.1.1' ]
232 silly audit }
233 verbose reify failed optional dependency C:\TipTop\careconnect-suite\apps\web\node_modules\fsevents
234 silly reify mark deleted [ 'C:\\TipTop\\careconnect-suite\\apps\\web\\node_modules\\fsevents' ]
235 verbose reify failed optional dependency C:\TipTop\careconnect-suite\apps\web\node_modules\@rollup\rollup-win32-ia32-msvc
236 silly reify mark deleted [
236 silly reify   'C:\\TipTop\\careconnect-suite\\apps\\web\\node_modules\\@rollup\\rollup-win32-ia32-msvc'
236 silly reify ]
237 verbose reify failed optional dependency C:\TipTop\careconnect-suite\apps\web\node_modules\@rollup\rollup-win32-arm64-msvc
238 silly reify mark deleted [
238 silly reify   'C:\\TipTop\\careconnect-suite\\apps\\web\\node_modules\\@rollup\\rollup-win32-arm64-msvc'
238 silly reify ]
239 verbose reify failed optional dependency C:\TipTop\careconnect-suite\apps\web\node_modules\@rollup\rollup-openharmony-arm64
240 silly reify mark deleted [
240 silly reify   'C:\\TipTop\\careconnect-suite\\apps\\web\\node_modules\\@rollup\\rollup-openharmony-arm64'
240 silly reify ]
241 verbose reify failed optional dependency C:\TipTop\careconnect-suite\apps\web\node_modules\@rollup\rollup-openbsd-x64
242 silly reify mark deleted [
242 silly reify   'C:\\TipTop\\careconnect-suite\\apps\\web\\node_modules\\@rollup\\rollup-openbsd-x64'
242 silly reify ]
243 verbose reify failed optional dependency C:\TipTop\careconnect-suite\apps\web\node_modules\@rollup\rollup-linux-x64-musl
244 silly reify mark deleted [
244 silly reify   'C:\\TipTop\\careconnect-suite\\apps\\web\\node_modules\\@rollup\\rollup-linux-x64-musl'
244 silly reify ]
245 verbose reify failed optional dependency C:\TipTop\careconnect-suite\apps\web\node_modules\@rollup\rollup-linux-x64-gnu
246 silly reify mark deleted [
246 silly reify   'C:\\TipTop\\careconnect-suite\\apps\\web\\node_modules\\@rollup\\rollup-linux-x64-gnu'
246 silly reify ]
247 verbose reify failed optional dependency C:\TipTop\careconnect-suite\apps\web\node_modules\@rollup\rollup-linux-s390x-gnu
248 silly reify mark deleted [
248 silly reify   'C:\\TipTop\\careconnect-suite\\apps\\web\\node_modules\\@rollup\\rollup-linux-s390x-gnu'
248 silly reify ]
249 verbose reify failed optional dependency C:\TipTop\careconnect-suite\apps\web\node_modules\@rollup\rollup-linux-riscv64-musl
250 silly reify mark deleted [
250 silly reify   'C:\\TipTop\\careconnect-suite\\apps\\web\\node_modules\\@rollup\\rollup-linux-riscv64-musl'
250 silly reify ]
251 verbose reify failed optional dependency C:\TipTop\careconnect-suite\apps\web\node_modules\@rollup\rollup-linux-riscv64-gnu
252 silly reify mark deleted [
252 silly reify   'C:\\TipTop\\careconnect-suite\\apps\\web\\node_modules\\@rollup\\rollup-linux-riscv64-gnu'
252 silly reify ]
253 verbose reify failed optional dependency C:\TipTop\careconnect-suite\apps\web\node_modules\@rollup\rollup-linux-ppc64-musl
254 silly reify mark deleted [
254 silly reify   'C:\\TipTop\\careconnect-suite\\apps\\web\\node_modules\\@rollup\\rollup-linux-ppc64-musl'
254 silly reify ]
255 verbose reify failed optional dependency C:\TipTop\careconnect-suite\apps\web\node_modules\@rollup\rollup-linux-ppc64-gnu
256 silly reify mark deleted [
256 silly reify   'C:\\TipTop\\careconnect-suite\\apps\\web\\node_modules\\@rollup\\rollup-linux-ppc64-gnu'
256 silly reify ]
257 verbose reify failed optional dependency C:\TipTop\careconnect-suite\apps\web\node_modules\@rollup\rollup-linux-loong64-musl
258 silly reify mark deleted [
258 silly reify   'C:\\TipTop\\careconnect-suite\\apps\\web\\node_modules\\@rollup\\rollup-linux-loong64-musl'
258 silly reify ]
259 verbose reify failed optional dependency C:\TipTop\careconnect-suite\apps\web\node_modules\@rollup\rollup-linux-loong64-gnu
260 silly reify mark deleted [
260 silly reify   'C:\\TipTop\\careconnect-suite\\apps\\web\\node_modules\\@rollup\\rollup-linux-loong64-gnu'
260 silly reify ]
261 verbose reify failed optional dependency C:\TipTop\careconnect-suite\apps\web\node_modules\@rollup\rollup-linux-arm64-musl
262 silly reify mark deleted [
262 silly reify   'C:\\TipTop\\careconnect-suite\\apps\\web\\node_modules\\@rollup\\rollup-linux-arm64-musl'
262 silly reify ]
263 verbose reify failed optional dependency C:\TipTop\careconnect-suite\apps\web\node_modules\@rollup\rollup-linux-arm64-gnu
264 silly reify mark deleted [
264 silly reify   'C:\\TipTop\\careconnect-suite\\apps\\web\\node_modules\\@rollup\\rollup-linux-arm64-gnu'
264 silly reify ]
265 verbose reify failed optional dependency C:\TipTop\careconnect-suite\apps\web\node_modules\@rollup\rollup-linux-arm-musleabihf
266 silly reify mark deleted [
266 silly reify   'C:\\TipTop\\careconnect-suite\\apps\\web\\node_modules\\@rollup\\rollup-linux-arm-musleabihf'
266 silly reify ]
267 verbose reify failed optional dependency C:\TipTop\careconnect-suite\apps\web\node_modules\@rollup\rollup-linux-arm-gnueabihf
268 silly reify mark deleted [
268 silly reify   'C:\\TipTop\\careconnect-suite\\apps\\web\\node_modules\\@rollup\\rollup-linux-arm-gnueabihf'
268 silly reify ]
269 verbose reify failed optional dependency C:\TipTop\careconnect-suite\apps\web\node_modules\@rollup\rollup-freebsd-x64
270 silly reify mark deleted [
270 silly reify   'C:\\TipTop\\careconnect-suite\\apps\\web\\node_modules\\@rollup\\rollup-freebsd-x64'
270 silly reify ]
271 verbose reify failed optional dependency C:\TipTop\careconnect-suite\apps\web\node_modules\@rollup\rollup-freebsd-arm64
272 silly reify mark deleted [
272 silly reify   'C:\\TipTop\\careconnect-suite\\apps\\web\\node_modules\\@rollup\\rollup-freebsd-arm64'
272 silly reify ]
273 verbose reify failed optional dependency C:\TipTop\careconnect-suite\apps\web\node_modules\@rollup\rollup-darwin-x64
274 silly reify mark deleted [
274 silly reify   'C:\\TipTop\\careconnect-suite\\apps\\web\\node_modules\\@rollup\\rollup-darwin-x64'
274 silly reify ]
275 verbose reify failed optional dependency C:\TipTop\careconnect-suite\apps\web\node_modules\@rollup\rollup-darwin-arm64
276 silly reify mark deleted [
276 silly reify   'C:\\TipTop\\careconnect-suite\\apps\\web\\node_modules\\@rollup\\rollup-darwin-arm64'
276 silly reify ]
277 verbose reify failed optional dependency C:\TipTop\careconnect-suite\apps\web\node_modules\@rollup\rollup-android-arm64
278 silly reify mark deleted [
278 silly reify   'C:\\TipTop\\careconnect-suite\\apps\\web\\node_modules\\@rollup\\rollup-android-arm64'
278 silly reify ]
279 verbose reify failed optional dependency C:\TipTop\careconnect-suite\apps\web\node_modules\@rollup\rollup-android-arm-eabi
280 silly reify mark deleted [
280 silly reify   'C:\\TipTop\\careconnect-suite\\apps\\web\\node_modules\\@rollup\\rollup-android-arm-eabi'
280 silly reify ]
281 verbose reify failed optional dependency C:\TipTop\careconnect-suite\apps\web\node_modules\@esbuild\win32-ia32
282 silly reify mark deleted [
282 silly reify   'C:\\TipTop\\careconnect-suite\\apps\\web\\node_modules\\@esbuild\\win32-ia32'
282 silly reify ]
283 verbose reify failed optional dependency C:\TipTop\careconnect-suite\apps\web\node_modules\@esbuild\win32-arm64
284 silly reify mark deleted [
284 silly reify   'C:\\TipTop\\careconnect-suite\\apps\\web\\node_modules\\@esbuild\\win32-arm64'
284 silly reify ]
285 verbose reify failed optional dependency C:\TipTop\careconnect-suite\apps\web\node_modules\@esbuild\sunos-x64
286 silly reify mark deleted [
286 silly reify   'C:\\TipTop\\careconnect-suite\\apps\\web\\node_modules\\@esbuild\\sunos-x64'
286 silly reify ]
287 verbose reify failed optional dependency C:\TipTop\careconnect-suite\apps\web\node_modules\@esbuild\openharmony-arm64
288 silly reify mark deleted [
288 silly reify   'C:\\TipTop\\careconnect-suite\\apps\\web\\node_modules\\@esbuild\\openharmony-arm64'
288 silly reify ]
289 verbose reify failed optional dependency C:\TipTop\careconnect-suite\apps\web\node_modules\@esbuild\openbsd-x64
290 silly reify mark deleted [
290 silly reify   'C:\\TipTop\\careconnect-suite\\apps\\web\\node_modules\\@esbuild\\openbsd-x64'
290 silly reify ]
291 verbose reify failed optional dependency C:\TipTop\careconnect-suite\apps\web\node_modules\@esbuild\openbsd-arm64
292 silly reify mark deleted [
292 silly reify   'C:\\TipTop\\careconnect-suite\\apps\\web\\node_modules\\@esbuild\\openbsd-arm64'
292 silly reify ]
293 verbose reify failed optional dependency C:\TipTop\careconnect-suite\apps\web\node_modules\@esbuild\netbsd-x64
294 silly reify mark deleted [
294 silly reify   'C:\\TipTop\\careconnect-suite\\apps\\web\\node_modules\\@esbuild\\netbsd-x64'
294 silly reify ]
295 verbose reify failed optional dependency C:\TipTop\careconnect-suite\apps\web\node_modules\@esbuild\netbsd-arm64
296 silly reify mark deleted [
296 silly reify   'C:\\TipTop\\careconnect-suite\\apps\\web\\node_modules\\@esbuild\\netbsd-arm64'
296 silly reify ]
297 verbose reify failed optional dependency C:\TipTop\careconnect-suite\apps\web\node_modules\@esbuild\linux-x64
298 silly reify mark deleted [
298 silly reify   'C:\\TipTop\\careconnect-suite\\apps\\web\\node_modules\\@esbuild\\linux-x64'
298 silly reify ]
299 verbose reify failed optional dependency C:\TipTop\careconnect-suite\apps\web\node_modules\@esbuild\linux-s390x
300 silly reify mark deleted [
300 silly reify   'C:\\TipTop\\careconnect-suite\\apps\\web\\node_modules\\@esbuild\\linux-s390x'
300 silly reify ]
301 verbose reify failed optional dependency C:\TipTop\careconnect-suite\apps\web\node_modules\@esbuild\linux-riscv64
302 silly reify mark deleted [
302 silly reify   'C:\\TipTop\\careconnect-suite\\apps\\web\\node_modules\\@esbuild\\linux-riscv64'
302 silly reify ]
303 verbose reify failed optional dependency C:\TipTop\careconnect-suite\apps\web\node_modules\@esbuild\linux-ppc64
304 silly reify mark deleted [
304 silly reify   'C:\\TipTop\\careconnect-suite\\apps\\web\\node_modules\\@esbuild\\linux-ppc64'
304 silly reify ]
305 verbose reify failed optional dependency C:\TipTop\careconnect-suite\apps\web\node_modules\@esbuild\linux-mips64el
306 silly reify mark deleted [
306 silly reify   'C:\\TipTop\\careconnect-suite\\apps\\web\\node_modules\\@esbuild\\linux-mips64el'
306 silly reify ]
307 verbose reify failed optional dependency C:\TipTop\careconnect-suite\apps\web\node_modules\@esbuild\linux-loong64
308 silly reify mark deleted [
308 silly reify   'C:\\TipTop\\careconnect-suite\\apps\\web\\node_modules\\@esbuild\\linux-loong64'
308 silly reify ]
309 verbose reify failed optional dependency C:\TipTop\careconnect-suite\apps\web\node_modules\@esbuild\linux-ia32
310 silly reify mark deleted [
310 silly reify   'C:\\TipTop\\careconnect-suite\\apps\\web\\node_modules\\@esbuild\\linux-ia32'
310 silly reify ]
311 verbose reify failed optional dependency C:\TipTop\careconnect-suite\apps\web\node_modules\@esbuild\linux-arm64
312 silly reify mark deleted [
312 silly reify   'C:\\TipTop\\careconnect-suite\\apps\\web\\node_modules\\@esbuild\\linux-arm64'
312 silly reify ]
313 verbose reify failed optional dependency C:\TipTop\careconnect-suite\apps\web\node_modules\@esbuild\linux-arm
314 silly reify mark deleted [
314 silly reify   'C:\\TipTop\\careconnect-suite\\apps\\web\\node_modules\\@esbuild\\linux-arm'
314 silly reify ]
315 verbose reify failed optional dependency C:\TipTop\careconnect-suite\apps\web\node_modules\@esbuild\freebsd-x64
316 silly reify mark deleted [
316 silly reify   'C:\\TipTop\\careconnect-suite\\apps\\web\\node_modules\\@esbuild\\freebsd-x64'
316 silly reify ]
317 verbose reify failed optional dependency C:\TipTop\careconnect-suite\apps\web\node_modules\@esbuild\freebsd-arm64
318 silly reify mark deleted [
318 silly reify   'C:\\TipTop\\careconnect-suite\\apps\\web\\node_modules\\@esbuild\\freebsd-arm64'
318 silly reify ]
319 verbose reify failed optional dependency C:\TipTop\careconnect-suite\apps\web\node_modules\@esbuild\darwin-x64
320 silly reify mark deleted [
320 silly reify   'C:\\TipTop\\careconnect-suite\\apps\\web\\node_modules\\@esbuild\\darwin-x64'
320 silly reify ]
321 verbose reify failed optional dependency C:\TipTop\careconnect-suite\apps\web\node_modules\@esbuild\darwin-arm64
322 silly reify mark deleted [
322 silly reify   'C:\\TipTop\\careconnect-suite\\apps\\web\\node_modules\\@esbuild\\darwin-arm64'
322 silly reify ]
323 verbose reify failed optional dependency C:\TipTop\careconnect-suite\apps\web\node_modules\@esbuild\android-x64
324 silly reify mark deleted [
324 silly reify   'C:\\TipTop\\careconnect-suite\\apps\\web\\node_modules\\@esbuild\\android-x64'
324 silly reify ]
325 verbose reify failed optional dependency C:\TipTop\careconnect-suite\apps\web\node_modules\@esbuild\android-arm64
326 silly reify mark deleted [
326 silly reify   'C:\\TipTop\\careconnect-suite\\apps\\web\\node_modules\\@esbuild\\android-arm64'
326 silly reify ]
327 verbose reify failed optional dependency C:\TipTop\careconnect-suite\apps\web\node_modules\@esbuild\android-arm
328 silly reify mark deleted [
328 silly reify   'C:\\TipTop\\careconnect-suite\\apps\\web\\node_modules\\@esbuild\\android-arm'
328 silly reify ]
329 verbose reify failed optional dependency C:\TipTop\careconnect-suite\apps\web\node_modules\@esbuild\aix-ppc64
330 silly reify mark deleted [
330 silly reify   'C:\\TipTop\\careconnect-suite\\apps\\web\\node_modules\\@esbuild\\aix-ppc64'
330 silly reify ]
331 http cache @vitejs/plugin-react@https://registry.npmjs.org/@vitejs/plugin-react/-/plugin-react-4.7.0.tgz 1ms (cache hit)
332 http cache @types/react@https://registry.npmjs.org/@types/react/-/react-19.2.17.tgz 0ms (cache hit)
333 http cache @types/warning@https://registry.npmjs.org/@types/warning/-/warning-3.0.4.tgz 0ms (cache hit)
334 http cache @rollup/rollup-win32-x64-msvc@https://registry.npmjs.org/@rollup/rollup-win32-x64-msvc/-/rollup-win32-x64-msvc-4.60.2.tgz 0ms (cache hit)
335 http cache @types/estree@https://registry.npmjs.org/@types/estree/-/estree-1.0.8.tgz 0ms (cache hit)
336 http cache @types/babel__traverse@https://registry.npmjs.org/@types/babel__traverse/-/babel__traverse-7.28.0.tgz 0ms (cache hit)
337 http cache @rollup/rollup-win32-x64-gnu@https://registry.npmjs.org/@rollup/rollup-win32-x64-gnu/-/rollup-win32-x64-gnu-4.60.2.tgz 0ms (cache hit)
338 http cache @nodelib/fs.walk@https://registry.npmjs.org/@nodelib/fs.walk/-/fs.walk-1.2.8.tgz 0ms (cache hit)
339 http cache @nodelib/fs.scandir@https://registry.npmjs.org/@nodelib/fs.scandir/-/fs.scandir-2.1.5.tgz 0ms (cache hit)
340 http cache @popperjs/core@https://registry.npmjs.org/@popperjs/core/-/core-2.11.8.tgz 0ms (cache hit)
341 http cache @types/babel__core@https://registry.npmjs.org/@types/babel__core/-/babel__core-7.20.5.tgz 0ms (cache hit)
342 http cache @isaacs/cliui@https://registry.npmjs.org/@isaacs/cliui/-/cliui-8.0.2.tgz 0ms (cache hit)
343 http cache @types/babel__template@https://registry.npmjs.org/@types/babel__template/-/babel__template-7.4.4.tgz 0ms (cache hit)
344 http cache @react-oauth/google@https://registry.npmjs.org/@react-oauth/google/-/google-0.13.4.tgz 0ms (cache hit)
345 http cache @restart/hooks@https://registry.npmjs.org/@restart/hooks/-/hooks-0.4.16.tgz 0ms (cache hit)
346 http cache @types/babel__generator@https://registry.npmjs.org/@types/babel__generator/-/babel__generator-7.27.0.tgz 0ms (cache hit)
347 http cache @rolldown/pluginutils@https://registry.npmjs.org/@rolldown/pluginutils/-/pluginutils-1.0.0-beta.27.tgz 0ms (cache hit)
348 http cache @jridgewell/sourcemap-codec@https://registry.npmjs.org/@jridgewell/sourcemap-codec/-/sourcemap-codec-1.5.5.tgz 0ms (cache hit)
349 http cache @pkgjs/parseargs@https://registry.npmjs.org/@pkgjs/parseargs/-/parseargs-0.11.0.tgz 0ms (cache hit)
350 http cache @remix-run/router@https://registry.npmjs.org/@remix-run/router/-/router-1.23.3.tgz 0ms (cache hit)
351 http cache @nodelib/fs.stat@https://registry.npmjs.org/@nodelib/fs.stat/-/fs.stat-2.0.5.tgz 0ms (cache hit)
352 http cache @jridgewell/trace-mapping@https://registry.npmjs.org/@jridgewell/trace-mapping/-/trace-mapping-0.3.31.tgz 0ms (cache hit)
353 http cache @jridgewell/remapping@https://registry.npmjs.org/@jridgewell/remapping/-/remapping-2.3.5.tgz 0ms (cache hit)
354 http cache @jridgewell/resolve-uri@https://registry.npmjs.org/@jridgewell/resolve-uri/-/resolve-uri-3.1.2.tgz 0ms (cache hit)
355 http cache @esbuild/win32-x64@https://registry.npmjs.org/@esbuild/win32-x64/-/win32-x64-0.25.12.tgz 0ms (cache hit)
356 http cache @babel/traverse@https://registry.npmjs.org/@babel/traverse/-/traverse-7.29.7.tgz 0ms (cache hit)
357 http cache @babel/types@https://registry.npmjs.org/@babel/types/-/types-7.29.7.tgz 0ms (cache hit)
358 http cache @babel/template@https://registry.npmjs.org/@babel/template/-/template-7.29.7.tgz 0ms (cache hit)
359 http cache @babel/runtime@https://registry.npmjs.org/@babel/runtime/-/runtime-7.29.7.tgz 0ms (cache hit)
360 http cache @babel/plugin-transform-react-jsx-source@https://registry.npmjs.org/@babel/plugin-transform-react-jsx-source/-/plugin-transform-react-jsx-source-7.27.1.tgz 0ms (cache hit)
361 http cache @jridgewell/gen-mapping@https://registry.npmjs.org/@jridgewell/gen-mapping/-/gen-mapping-0.3.13.tgz 0ms (cache hit)
362 http cache @babel/plugin-transform-react-jsx-self@https://registry.npmjs.org/@babel/plugin-transform-react-jsx-self/-/plugin-transform-react-jsx-self-7.27.1.tgz 0ms (cache hit)
363 http cache @babel/helper-module-transforms@https://registry.npmjs.org/@babel/helper-module-transforms/-/helper-module-transforms-7.29.7.tgz 0ms (cache hit)
364 http cache @babel/helpers@https://registry.npmjs.org/@babel/helpers/-/helpers-7.29.7.tgz 0ms (cache hit)
365 http cache @babel/helper-validator-option@https://registry.npmjs.org/@babel/helper-validator-option/-/helper-validator-option-7.29.7.tgz 0ms (cache hit)
366 http cache @babel/helper-validator-identifier@https://registry.npmjs.org/@babel/helper-validator-identifier/-/helper-validator-identifier-7.29.7.tgz 0ms (cache hit)
367 http cache @babel/helper-string-parser@https://registry.npmjs.org/@babel/helper-string-parser/-/helper-string-parser-7.29.7.tgz 0ms (cache hit)
368 http cache @babel/parser@https://registry.npmjs.org/@babel/parser/-/parser-7.29.7.tgz 0ms (cache hit)
369 http cache @babel/helper-compilation-targets@https://registry.npmjs.org/@babel/helper-compilation-targets/-/helper-compilation-targets-7.29.7.tgz 1ms (cache hit)
370 http cache @babel/helper-module-imports@https://registry.npmjs.org/@babel/helper-module-imports/-/helper-module-imports-7.29.7.tgz 0ms (cache hit)
371 http cache @babel/core@https://registry.npmjs.org/@babel/core/-/core-7.29.7.tgz 0ms (cache hit)
372 http cache @babel/compat-data@https://registry.npmjs.org/@babel/compat-data/-/compat-data-7.29.7.tgz 0ms (cache hit)
373 http cache @babel/generator@https://registry.npmjs.org/@babel/generator/-/generator-7.29.7.tgz 0ms (cache hit)
374 http cache @babel/helper-plugin-utils@https://registry.npmjs.org/@babel/helper-plugin-utils/-/helper-plugin-utils-7.27.1.tgz 0ms (cache hit)
375 http cache @babel/helper-globals@https://registry.npmjs.org/@babel/helper-globals/-/helper-globals-7.29.7.tgz 0ms (cache hit)
376 http cache yallist@https://registry.npmjs.org/yallist/-/yallist-3.1.1.tgz 0ms (cache hit)
377 http cache @babel/code-frame@https://registry.npmjs.org/@babel/code-frame/-/code-frame-7.29.7.tgz 0ms (cache hit)
378 http cache @alloc/quick-lru@https://registry.npmjs.org/@alloc/quick-lru/-/quick-lru-5.2.0.tgz 0ms (cache hit)
379 http cache tslib@https://registry.npmjs.org/tslib/-/tslib-2.8.1.tgz 0ms (cache hit)
380 http cache which@https://registry.npmjs.org/which/-/which-2.0.2.tgz 0ms (cache hit)
381 http cache warning@https://registry.npmjs.org/warning/-/warning-4.0.3.tgz 0ms (cache hit)
382 http cache wrap-ansi-cjs@https://registry.npmjs.org/wrap-ansi/-/wrap-ansi-7.0.0.tgz 0ms (cache hit)
383 http cache vite@https://registry.npmjs.org/vite/-/vite-6.4.3.tgz 0ms (cache hit)
384 http cache util-deprecate@https://registry.npmjs.org/util-deprecate/-/util-deprecate-1.0.2.tgz 0ms (cache hit)
385 http cache update-browserslist-db@https://registry.npmjs.org/update-browserslist-db/-/update-browserslist-db-1.1.3.tgz 0ms (cache hit)
386 http cache uncontrollable@https://registry.npmjs.org/uncontrollable/-/uncontrollable-7.2.1.tgz 0ms (cache hit)
387 http cache ts-interface-checker@https://registry.npmjs.org/ts-interface-checker/-/ts-interface-checker-0.1.13.tgz 0ms (cache hit)
388 http cache to-regex-range@https://registry.npmjs.org/to-regex-range/-/to-regex-range-5.0.1.tgz 0ms (cache hit)
389 http cache tinyglobby@https://registry.npmjs.org/tinyglobby/-/tinyglobby-0.2.16.tgz 0ms (cache hit)
390 http cache wrap-ansi@https://registry.npmjs.org/wrap-ansi/-/wrap-ansi-8.1.0.tgz 0ms (cache hit)
391 http cache string-width-cjs@https://registry.npmjs.org/string-width/-/string-width-4.2.3.tgz 0ms (cache hit)
392 http cache thenify-all@https://registry.npmjs.org/thenify-all/-/thenify-all-1.6.0.tgz 0ms (cache hit)
393 http cache supports-preserve-symlinks-flag@https://registry.npmjs.org/supports-preserve-symlinks-flag/-/supports-preserve-symlinks-flag-1.0.0.tgz 0ms (cache hit)
394 http cache run-parallel@https://registry.npmjs.org/run-parallel/-/run-parallel-1.2.0.tgz 0ms (cache hit)
395 http cache tailwindcss@https://registry.npmjs.org/tailwindcss/-/tailwindcss-3.4.18.tgz 0ms (cache hit)
396 http cache sucrase@https://registry.npmjs.org/sucrase/-/sucrase-3.35.0.tgz 0ms (cache hit)
397 http cache string-width@https://registry.npmjs.org/string-width/-/string-width-5.1.2.tgz 0ms (cache hit)
398 http cache strip-ansi@https://registry.npmjs.org/strip-ansi/-/strip-ansi-7.1.2.tgz 0ms (cache hit)
399 http cache thenify@https://registry.npmjs.org/thenify/-/thenify-3.3.1.tgz 0ms (cache hit)
400 http cache source-map-js@https://registry.npmjs.org/source-map-js/-/source-map-js-1.2.1.tgz 0ms (cache hit)
401 http cache strip-ansi-cjs@https://registry.npmjs.org/strip-ansi/-/strip-ansi-6.0.1.tgz 0ms (cache hit)
402 http cache signal-exit@https://registry.npmjs.org/signal-exit/-/signal-exit-4.1.0.tgz 0ms (cache hit)
403 http cache shebang-command@https://registry.npmjs.org/shebang-command/-/shebang-command-2.0.0.tgz 0ms (cache hit)
404 http cache scheduler@https://registry.npmjs.org/scheduler/-/scheduler-0.23.2.tgz 0ms (cache hit)
405 http cache shebang-regex@https://registry.npmjs.org/shebang-regex/-/shebang-regex-3.0.0.tgz 0ms (cache hit)
406 http cache semver@https://registry.npmjs.org/semver/-/semver-6.3.1.tgz 0ms (cache hit)
407 http cache reusify@https://registry.npmjs.org/reusify/-/reusify-1.1.0.tgz 0ms (cache hit)
408 http cache read-cache@https://registry.npmjs.org/read-cache/-/read-cache-1.0.0.tgz 0ms (cache hit)
409 http cache rollup@https://registry.npmjs.org/rollup/-/rollup-4.60.2.tgz 0ms (cache hit)
410 http cache react-router@https://registry.npmjs.org/react-router/-/react-router-6.30.4.tgz 0ms (cache hit)
411 http cache readdirp@https://registry.npmjs.org/readdirp/-/readdirp-3.6.0.tgz 0ms (cache hit)
412 http cache resolve@https://registry.npmjs.org/resolve/-/resolve-1.22.10.tgz 0ms (cache hit)
413 http cache react-refresh@https://registry.npmjs.org/react-refresh/-/react-refresh-0.17.0.tgz 0ms (cache hit)
414 http cache react-overlays@https://registry.npmjs.org/react-overlays/-/react-overlays-5.2.1.tgz 0ms (cache hit)
415 http cache react-lifecycles-compat@https://registry.npmjs.org/react-lifecycles-compat/-/react-lifecycles-compat-3.0.4.tgz 0ms (cache hit)
416 http cache postcss-nested@https://registry.npmjs.org/postcss-nested/-/postcss-nested-6.2.0.tgz 0ms (cache hit)
417 http cache react-dom@https://registry.npmjs.org/react-dom/-/react-dom-18.3.1.tgz 1ms (cache hit)
418 http cache queue-microtask@https://registry.npmjs.org/queue-microtask/-/queue-microtask-1.2.3.tgz 0ms (cache hit)
419 http cache react-big-calendar@https://registry.npmjs.org/react-big-calendar/-/react-big-calendar-1.20.0.tgz 0ms (cache hit)
420 http cache react-router-dom@https://registry.npmjs.org/react-router-dom/-/react-router-dom-6.30.4.tgz 0ms (cache hit)
421 http cache postcss-value-parser@https://registry.npmjs.org/postcss-value-parser/-/postcss-value-parser-4.2.0.tgz 0ms (cache hit)
422 http cache react@https://registry.npmjs.org/react/-/react-18.3.1.tgz 0ms (cache hit)
423 http cache prop-types@https://registry.npmjs.org/prop-types/-/prop-types-15.8.1.tgz 0ms (cache hit)
424 http cache postcss-load-config@https://registry.npmjs.org/postcss-load-config/-/postcss-load-config-6.0.1.tgz 0ms (cache hit)
425 http cache proxy-from-env@https://registry.npmjs.org/proxy-from-env/-/proxy-from-env-2.1.0.tgz 0ms (cache hit)
426 http cache picomatch@https://registry.npmjs.org/picomatch/-/picomatch-2.3.2.tgz 0ms (cache hit)
427 http cache postcss-selector-parser@https://registry.npmjs.org/postcss-selector-parser/-/postcss-selector-parser-6.1.2.tgz 0ms (cache hit)
428 http cache react-is@https://registry.npmjs.org/react-is/-/react-is-16.13.1.tgz 0ms (cache hit)
429 http cache path-parse@https://registry.npmjs.org/path-parse/-/path-parse-1.0.7.tgz 0ms (cache hit)
430 http cache postcss-js@https://registry.npmjs.org/postcss-js/-/postcss-js-4.1.0.tgz 0ms (cache hit)
431 http cache postcss-import@https://registry.npmjs.org/postcss-import/-/postcss-import-15.1.0.tgz 0ms (cache hit)
432 http cache pirates@https://registry.npmjs.org/pirates/-/pirates-4.0.7.tgz 0ms (cache hit)
433 http cache picocolors@https://registry.npmjs.org/picocolors/-/picocolors-1.1.1.tgz 0ms (cache hit)
434 http cache pify@https://registry.npmjs.org/pify/-/pify-2.3.0.tgz 0ms (cache hit)
435 http cache postcss@https://registry.npmjs.org/postcss/-/postcss-8.5.12.tgz 0ms (cache hit)
436 http cache object-hash@https://registry.npmjs.org/object-hash/-/object-hash-3.0.0.tgz 0ms (cache hit)
437 http cache path-scurry@https://registry.npmjs.org/path-scurry/-/path-scurry-1.11.1.tgz 0ms (cache hit)
438 http cache object-assign@https://registry.npmjs.org/object-assign/-/object-assign-4.1.1.tgz 0ms (cache hit)
439 http cache path-key@https://registry.npmjs.org/path-key/-/path-key-3.1.1.tgz 0ms (cache hit)
440 http cache normalize-range@https://registry.npmjs.org/normalize-range/-/normalize-range-0.1.2.tgz 0ms (cache hit)
441 http cache package-json-from-dist@https://registry.npmjs.org/package-json-from-dist/-/package-json-from-dist-1.0.1.tgz 0ms (cache hit)
442 http cache node-releases@https://registry.npmjs.org/node-releases/-/node-releases-2.0.23.tgz 0ms (cache hit)
443 http cache mz@https://registry.npmjs.org/mz/-/mz-2.7.0.tgz 0ms (cache hit)
444 http cache nanoid@https://registry.npmjs.org/nanoid/-/nanoid-3.3.11.tgz 0ms (cache hit)
445 http cache normalize-path@https://registry.npmjs.org/normalize-path/-/normalize-path-3.0.0.tgz 0ms (cache hit)
446 http cache ms@https://registry.npmjs.org/ms/-/ms-2.1.3.tgz 0ms (cache hit)
447 http cache motion-utils@https://registry.npmjs.org/motion-utils/-/motion-utils-12.23.6.tgz 0ms (cache hit)
448 http cache motion-dom@https://registry.npmjs.org/motion-dom/-/motion-dom-12.23.23.tgz 0ms (cache hit)
449 http cache moment-timezone@https://registry.npmjs.org/moment-timezone/-/moment-timezone-0.5.48.tgz 0ms (cache hit)
450 http cache minimatch@https://registry.npmjs.org/minimatch/-/minimatch-9.0.9.tgz 0ms (cache hit)
451 http cache moment@https://registry.npmjs.org/moment/-/moment-2.30.1.tgz 0ms (cache hit)
452 http cache minipass@https://registry.npmjs.org/minipass/-/minipass-7.1.2.tgz 0ms (cache hit)
453 http cache mime-types@https://registry.npmjs.org/mime-types/-/mime-types-2.1.35.tgz 0ms (cache hit)
454 http cache micromatch@https://registry.npmjs.org/micromatch/-/micromatch-4.0.8.tgz 0ms (cache hit)
455 http cache mime-db@https://registry.npmjs.org/mime-db/-/mime-db-1.52.0.tgz 0ms (cache hit)
456 http cache merge2@https://registry.npmjs.org/merge2/-/merge2-1.4.1.tgz 0ms (cache hit)
457 http cache memoize-one@https://registry.npmjs.org/memoize-one/-/memoize-one-6.0.0.tgz 0ms (cache hit)
458 http cache math-intrinsics@https://registry.npmjs.org/math-intrinsics/-/math-intrinsics-1.1.0.tgz 0ms (cache hit)
459 http cache luxon@https://registry.npmjs.org/luxon/-/luxon-3.7.2.tgz 0ms (cache hit)
460 http cache loose-envify@https://registry.npmjs.org/loose-envify/-/loose-envify-1.4.0.tgz 0ms (cache hit)
461 http cache lucide-react@https://registry.npmjs.org/lucide-react/-/lucide-react-0.468.0.tgz 0ms (cache hit)
462 http cache lodash-es@https://registry.npmjs.org/lodash-es/-/lodash-es-4.18.1.tgz 0ms (cache hit)
463 http cache lodash@https://registry.npmjs.org/lodash/-/lodash-4.18.1.tgz 0ms (cache hit)
464 http cache is-number@https://registry.npmjs.org/is-number/-/is-number-7.0.0.tgz 0ms (cache hit)
465 http cache lines-and-columns@https://registry.npmjs.org/lines-and-columns/-/lines-and-columns-1.2.4.tgz 0ms (cache hit)
466 http cache json5@https://registry.npmjs.org/json5/-/json5-2.2.3.tgz 0ms (cache hit)
467 http cache js-tokens@https://registry.npmjs.org/js-tokens/-/js-tokens-4.0.0.tgz 0ms (cache hit)
468 http cache lru-cache@https://registry.npmjs.org/lru-cache/-/lru-cache-5.1.1.tgz 0ms (cache hit)
469 http cache jsesc@https://registry.npmjs.org/jsesc/-/jsesc-3.1.0.tgz 0ms (cache hit)
470 http cache lilconfig@https://registry.npmjs.org/lilconfig/-/lilconfig-3.1.3.tgz 0ms (cache hit)
471 http cache jiti@https://registry.npmjs.org/jiti/-/jiti-1.21.7.tgz 0ms (cache hit)
472 http cache is-fullwidth-code-point@https://registry.npmjs.org/is-fullwidth-code-point/-/is-fullwidth-code-point-3.0.0.tgz 0ms (cache hit)
473 http cache isexe@https://registry.npmjs.org/isexe/-/isexe-2.0.0.tgz 0ms (cache hit)
474 http cache jackspeak@https://registry.npmjs.org/jackspeak/-/jackspeak-3.4.3.tgz 0ms (cache hit)
475 http cache is-core-module@https://registry.npmjs.org/is-core-module/-/is-core-module-2.16.1.tgz 0ms (cache hit)
476 http cache is-glob@https://registry.npmjs.org/is-glob/-/is-glob-4.0.3.tgz 0ms (cache hit)
477 http cache get-proto@https://registry.npmjs.org/get-proto/-/get-proto-1.0.1.tgz 0ms (cache hit)
478 http cache is-extglob@https://registry.npmjs.org/is-extglob/-/is-extglob-2.1.1.tgz 0ms (cache hit)
479 http cache is-binary-path@https://registry.npmjs.org/is-binary-path/-/is-binary-path-2.1.0.tgz 0ms (cache hit)
480 http cache hasown@https://registry.npmjs.org/hasown/-/hasown-2.0.4.tgz 0ms (cache hit)
481 http cache invariant@https://registry.npmjs.org/invariant/-/invariant-2.2.4.tgz 0ms (cache hit)
482 http cache https-proxy-agent@https://registry.npmjs.org/https-proxy-agent/-/https-proxy-agent-5.0.1.tgz 0ms (cache hit)
483 http cache has-tostringtag@https://registry.npmjs.org/has-tostringtag/-/has-tostringtag-1.0.2.tgz 0ms (cache hit)
484 http cache gopd@https://registry.npmjs.org/gopd/-/gopd-1.2.0.tgz 0ms (cache hit)
485 http cache has-symbols@https://registry.npmjs.org/has-symbols/-/has-symbols-1.1.0.tgz 0ms (cache hit)
486 http cache globalize@https://registry.npmjs.org/globalize/-/globalize-1.7.1.tgz 0ms (cache hit)
487 http cache glob@https://registry.npmjs.org/glob/-/glob-10.5.0.tgz 0ms (cache hit)
488 http cache function-bind@https://registry.npmjs.org/function-bind/-/function-bind-1.1.2.tgz 0ms (cache hit)
489 http cache framer-motion@https://registry.npmjs.org/framer-motion/-/framer-motion-12.23.24.tgz 0ms (cache hit)
490 http cache glob-parent@https://registry.npmjs.org/glob-parent/-/glob-parent-6.0.2.tgz 0ms (cache hit)
491 http cache gensync@https://registry.npmjs.org/gensync/-/gensync-1.0.0-beta.2.tgz 0ms (cache hit)
492 http cache fraction.js@https://registry.npmjs.org/fraction.js/-/fraction.js-4.3.7.tgz 0ms (cache hit)
493 http cache form-data@https://registry.npmjs.org/form-data/-/form-data-4.0.6.tgz 0ms (cache hit)
494 http cache get-intrinsic@https://registry.npmjs.org/get-intrinsic/-/get-intrinsic-1.3.0.tgz 0ms (cache hit)
495 http cache follow-redirects@https://registry.npmjs.org/follow-redirects/-/follow-redirects-1.16.0.tgz 0ms (cache hit)
496 http cache fill-range@https://registry.npmjs.org/fill-range/-/fill-range-7.1.1.tgz 0ms (cache hit)
497 http cache fast-glob@https://registry.npmjs.org/fast-glob/-/fast-glob-3.3.3.tgz 0ms (cache hit)
498 http cache escalade@https://registry.npmjs.org/escalade/-/escalade-3.2.0.tgz 0ms (cache hit)
499 http cache fastq@https://registry.npmjs.org/fastq/-/fastq-1.19.1.tgz 0ms (cache hit)
500 http cache esbuild@https://registry.npmjs.org/esbuild/-/esbuild-0.25.12.tgz 0ms (cache hit)
501 http cache es-set-tostringtag@https://registry.npmjs.org/es-set-tostringtag/-/es-set-tostringtag-2.1.0.tgz 0ms (cache hit)
502 http cache foreground-child@https://registry.npmjs.org/foreground-child/-/foreground-child-3.3.1.tgz 0ms (cache hit)
503 http cache es-object-atoms@https://registry.npmjs.org/es-object-atoms/-/es-object-atoms-1.1.1.tgz 0ms (cache hit)
504 http cache es-errors@https://registry.npmjs.org/es-errors/-/es-errors-1.3.0.tgz 0ms (cache hit)
505 http cache es-define-property@https://registry.npmjs.org/es-define-property/-/es-define-property-1.0.1.tgz 0ms (cache hit)
506 http cache electron-to-chromium@https://registry.npmjs.org/electron-to-chromium/-/electron-to-chromium-1.5.237.tgz 0ms (cache hit)
507 http cache eastasianwidth@https://registry.npmjs.org/eastasianwidth/-/eastasianwidth-0.2.0.tgz 0ms (cache hit)
508 http cache dunder-proto@https://registry.npmjs.org/dunder-proto/-/dunder-proto-1.0.1.tgz 0ms (cache hit)
509 http cache emoji-regex@https://registry.npmjs.org/emoji-regex/-/emoji-regex-9.2.2.tgz 0ms (cache hit)
510 http cache dlv@https://registry.npmjs.org/dlv/-/dlv-1.1.3.tgz 0ms (cache hit)
511 http cache dom-helpers@https://registry.npmjs.org/dom-helpers/-/dom-helpers-6.0.1.tgz 0ms (cache hit)
512 http cache dequal@https://registry.npmjs.org/dequal/-/dequal-2.0.3.tgz 0ms (cache hit)
513 http cache debug@https://registry.npmjs.org/debug/-/debug-4.4.3.tgz 1ms (cache hit)
514 http cache delayed-stream@https://registry.npmjs.org/delayed-stream/-/delayed-stream-1.0.0.tgz 0ms (cache hit)
515 http cache date-fns@https://registry.npmjs.org/date-fns/-/date-fns-4.4.0.tgz 0ms (cache hit)
516 http cache dayjs@https://registry.npmjs.org/dayjs/-/dayjs-1.11.21.tgz 0ms (cache hit)
517 http cache date-arithmetic@https://registry.npmjs.org/date-arithmetic/-/date-arithmetic-4.1.0.tgz 0ms (cache hit)
518 http cache combined-stream@https://registry.npmjs.org/combined-stream/-/combined-stream-1.0.8.tgz 0ms (cache hit)
519 http cache cssesc@https://registry.npmjs.org/cssesc/-/cssesc-3.0.0.tgz 0ms (cache hit)
520 http cache csstype@https://registry.npmjs.org/csstype/-/csstype-3.2.3.tgz 0ms (cache hit)
521 http cache convert-source-map@https://registry.npmjs.org/convert-source-map/-/convert-source-map-2.0.0.tgz 0ms (cache hit)
522 http cache didyoumean@https://registry.npmjs.org/didyoumean/-/didyoumean-1.2.2.tgz 0ms (cache hit)
523 http cache commander@https://registry.npmjs.org/commander/-/commander-4.1.1.tgz 0ms (cache hit)
524 http cache cross-spawn@https://registry.npmjs.org/cross-spawn/-/cross-spawn-7.0.6.tgz 0ms (cache hit)
525 http cache clsx@https://registry.npmjs.org/clsx/-/clsx-2.1.1.tgz 0ms (cache hit)
526 http cache chokidar@https://registry.npmjs.org/chokidar/-/chokidar-3.6.0.tgz 0ms (cache hit)
527 http cache color-convert@https://registry.npmjs.org/color-convert/-/color-convert-2.0.1.tgz 0ms (cache hit)
528 http cache cldrjs@https://registry.npmjs.org/cldrjs/-/cldrjs-0.5.5.tgz 0ms (cache hit)
529 http cache color-name@https://registry.npmjs.org/color-name/-/color-name-1.1.4.tgz 0ms (cache hit)
530 http cache caniuse-lite@https://registry.npmjs.org/caniuse-lite/-/caniuse-lite-1.0.30001750.tgz 0ms (cache hit)
531 http cache camelcase-css@https://registry.npmjs.org/camelcase-css/-/camelcase-css-2.0.1.tgz 0ms (cache hit)
532 http cache call-bind-apply-helpers@https://registry.npmjs.org/call-bind-apply-helpers/-/call-bind-apply-helpers-1.0.2.tgz 0ms (cache hit)
533 http cache browserslist@https://registry.npmjs.org/browserslist/-/browserslist-4.26.3.tgz 0ms (cache hit)
534 http cache braces@https://registry.npmjs.org/braces/-/braces-3.0.3.tgz 0ms (cache hit)
535 http cache baseline-browser-mapping@https://registry.npmjs.org/baseline-browser-mapping/-/baseline-browser-mapping-2.8.16.tgz 0ms (cache hit)
536 http cache autoprefixer@https://registry.npmjs.org/autoprefixer/-/autoprefixer-10.4.21.tgz 0ms (cache hit)
537 http cache asynckit@https://registry.npmjs.org/asynckit/-/asynckit-0.4.0.tgz 0ms (cache hit)
538 http cache brace-expansion@https://registry.npmjs.org/brace-expansion/-/brace-expansion-2.1.0.tgz 0ms (cache hit)
539 http cache axios@https://registry.npmjs.org/axios/-/axios-1.18.1.tgz 0ms (cache hit)
540 http cache binary-extensions@https://registry.npmjs.org/binary-extensions/-/binary-extensions-2.3.0.tgz 0ms (cache hit)
541 http cache arg@https://registry.npmjs.org/arg/-/arg-5.0.2.tgz 0ms (cache hit)
542 http cache balanced-match@https://registry.npmjs.org/balanced-match/-/balanced-match-1.0.2.tgz 0ms (cache hit)
543 http cache any-promise@https://registry.npmjs.org/any-promise/-/any-promise-1.3.0.tgz 0ms (cache hit)
544 http cache ansi-styles@https://registry.npmjs.org/ansi-styles/-/ansi-styles-6.2.3.tgz 0ms (cache hit)
545 http cache agent-base@https://registry.npmjs.org/agent-base/-/agent-base-6.0.2.tgz 0ms (cache hit)
546 http cache ansi-regex@https://registry.npmjs.org/ansi-regex/-/ansi-regex-6.2.2.tgz 0ms (cache hit)
547 http cache strip-ansi@https://registry.npmjs.org/strip-ansi/-/strip-ansi-6.0.1.tgz 0ms (cache hit)
548 http cache anymatch@https://registry.npmjs.org/anymatch/-/anymatch-3.1.3.tgz 0ms (cache hit)
549 http cache fdir@https://registry.npmjs.org/fdir/-/fdir-6.5.0.tgz 0ms (cache hit)
550 http cache picomatch@https://registry.npmjs.org/picomatch/-/picomatch-4.0.4.tgz 0ms (cache hit)
551 http cache emoji-regex@https://registry.npmjs.org/emoji-regex/-/emoji-regex-8.0.0.tgz 0ms (cache hit)
552 http cache strip-ansi@https://registry.npmjs.org/strip-ansi/-/strip-ansi-6.0.1.tgz 0ms (cache hit)
553 http cache ansi-styles@https://registry.npmjs.org/ansi-styles/-/ansi-styles-4.3.0.tgz 0ms (cache hit)
554 http cache ansi-regex@https://registry.npmjs.org/ansi-regex/-/ansi-regex-5.0.1.tgz 0ms (cache hit)
555 http cache string-width@https://registry.npmjs.org/string-width/-/string-width-4.2.3.tgz 0ms (cache hit)
556 http cache picomatch@https://registry.npmjs.org/picomatch/-/picomatch-4.0.4.tgz 0ms (cache hit)
557 http cache ansi-regex@https://registry.npmjs.org/ansi-regex/-/ansi-regex-5.0.1.tgz 0ms (cache hit)
558 http cache ansi-regex@https://registry.npmjs.org/ansi-regex/-/ansi-regex-5.0.1.tgz 0ms (cache hit)
559 http cache dom-helpers@https://registry.npmjs.org/dom-helpers/-/dom-helpers-5.2.1.tgz 0ms (cache hit)
560 http cache emoji-regex@https://registry.npmjs.org/emoji-regex/-/emoji-regex-8.0.0.tgz 0ms (cache hit)
561 http cache glob-parent@https://registry.npmjs.org/glob-parent/-/glob-parent-5.1.2.tgz 0ms (cache hit)
562 silly tarball no local data for @vitejs/plugin-react@https://registry.npmjs.org/@vitejs/plugin-react/-/plugin-react-4.7.0.tgz. Extracting by manifest.
563 http cache glob-parent@https://registry.npmjs.org/glob-parent/-/glob-parent-5.1.2.tgz 0ms (cache hit)
564 silly tarball no local data for @types/react@https://registry.npmjs.org/@types/react/-/react-19.2.17.tgz. Extracting by manifest.
565 silly tarball no local data for @types/warning@https://registry.npmjs.org/@types/warning/-/warning-3.0.4.tgz. Extracting by manifest.
566 silly tarball no local data for @rollup/rollup-win32-x64-msvc@https://registry.npmjs.org/@rollup/rollup-win32-x64-msvc/-/rollup-win32-x64-msvc-4.60.2.tgz. Extracting by manifest.
567 silly tarball no local data for @types/estree@https://registry.npmjs.org/@types/estree/-/estree-1.0.8.tgz. Extracting by manifest.
568 silly tarball no local data for @types/babel__traverse@https://registry.npmjs.org/@types/babel__traverse/-/babel__traverse-7.28.0.tgz. Extracting by manifest.
569 silly tarball no local data for @rollup/rollup-win32-x64-gnu@https://registry.npmjs.org/@rollup/rollup-win32-x64-gnu/-/rollup-win32-x64-gnu-4.60.2.tgz. Extracting by manifest.
570 http cache fdir@https://registry.npmjs.org/fdir/-/fdir-6.5.0.tgz 0ms (cache hit)
571 silly tarball no local data for @nodelib/fs.walk@https://registry.npmjs.org/@nodelib/fs.walk/-/fs.walk-1.2.8.tgz. Extracting by manifest.
572 silly tarball no local data for @nodelib/fs.scandir@https://registry.npmjs.org/@nodelib/fs.scandir/-/fs.scandir-2.1.5.tgz. Extracting by manifest.
573 silly tarball no local data for @popperjs/core@https://registry.npmjs.org/@popperjs/core/-/core-2.11.8.tgz. Extracting by manifest.
574 http cache lru-cache@https://registry.npmjs.org/lru-cache/-/lru-cache-10.4.3.tgz 0ms (cache hit)
575 silly tarball no local data for @types/babel__core@https://registry.npmjs.org/@types/babel__core/-/babel__core-7.20.5.tgz. Extracting by manifest.
576 silly tarball no local data for @isaacs/cliui@https://registry.npmjs.org/@isaacs/cliui/-/cliui-8.0.2.tgz. Extracting by manifest.
577 silly tarball no local data for @types/babel__template@https://registry.npmjs.org/@types/babel__template/-/babel__template-7.4.4.tgz. Extracting by manifest.
578 silly tarball no local data for @react-oauth/google@https://registry.npmjs.org/@react-oauth/google/-/google-0.13.4.tgz. Extracting by manifest.
579 silly tarball no local data for @restart/hooks@https://registry.npmjs.org/@restart/hooks/-/hooks-0.4.16.tgz. Extracting by manifest.
580 silly tarball no local data for @types/babel__generator@https://registry.npmjs.org/@types/babel__generator/-/babel__generator-7.27.0.tgz. Extracting by manifest.
581 silly tarball no local data for @rolldown/pluginutils@https://registry.npmjs.org/@rolldown/pluginutils/-/pluginutils-1.0.0-beta.27.tgz. Extracting by manifest.
582 silly tarball no local data for @jridgewell/sourcemap-codec@https://registry.npmjs.org/@jridgewell/sourcemap-codec/-/sourcemap-codec-1.5.5.tgz. Extracting by manifest.
583 silly tarball no local data for @pkgjs/parseargs@https://registry.npmjs.org/@pkgjs/parseargs/-/parseargs-0.11.0.tgz. Extracting by manifest.
584 silly tarball no local data for @remix-run/router@https://registry.npmjs.org/@remix-run/router/-/router-1.23.3.tgz. Extracting by manifest.
585 silly tarball no local data for @nodelib/fs.stat@https://registry.npmjs.org/@nodelib/fs.stat/-/fs.stat-2.0.5.tgz. Extracting by manifest.
586 silly tarball no local data for @jridgewell/trace-mapping@https://registry.npmjs.org/@jridgewell/trace-mapping/-/trace-mapping-0.3.31.tgz. Extracting by manifest.
587 silly tarball no local data for @jridgewell/remapping@https://registry.npmjs.org/@jridgewell/remapping/-/remapping-2.3.5.tgz. Extracting by manifest.
588 silly tarball no local data for @jridgewell/resolve-uri@https://registry.npmjs.org/@jridgewell/resolve-uri/-/resolve-uri-3.1.2.tgz. Extracting by manifest.
589 silly tarball no local data for @esbuild/win32-x64@https://registry.npmjs.org/@esbuild/win32-x64/-/win32-x64-0.25.12.tgz. Extracting by manifest.
590 silly tarball no local data for @babel/traverse@https://registry.npmjs.org/@babel/traverse/-/traverse-7.29.7.tgz. Extracting by manifest.
591 silly tarball no local data for @babel/types@https://registry.npmjs.org/@babel/types/-/types-7.29.7.tgz. Extracting by manifest.
592 silly tarball no local data for @babel/runtime@https://registry.npmjs.org/@babel/runtime/-/runtime-7.29.7.tgz. Extracting by manifest.
593 silly tarball no local data for @babel/template@https://registry.npmjs.org/@babel/template/-/template-7.29.7.tgz. Extracting by manifest.
594 silly tarball no local data for @babel/plugin-transform-react-jsx-source@https://registry.npmjs.org/@babel/plugin-transform-react-jsx-source/-/plugin-transform-react-jsx-source-7.27.1.tgz. Extracting by manifest.
595 silly tarball no local data for @jridgewell/gen-mapping@https://registry.npmjs.org/@jridgewell/gen-mapping/-/gen-mapping-0.3.13.tgz. Extracting by manifest.
596 silly tarball no local data for @babel/plugin-transform-react-jsx-self@https://registry.npmjs.org/@babel/plugin-transform-react-jsx-self/-/plugin-transform-react-jsx-self-7.27.1.tgz. Extracting by manifest.
597 silly tarball no local data for @babel/helper-module-transforms@https://registry.npmjs.org/@babel/helper-module-transforms/-/helper-module-transforms-7.29.7.tgz. Extracting by manifest.
598 silly tarball no local data for @babel/helpers@https://registry.npmjs.org/@babel/helpers/-/helpers-7.29.7.tgz. Extracting by manifest.
599 silly tarball no local data for @babel/helper-validator-option@https://registry.npmjs.org/@babel/helper-validator-option/-/helper-validator-option-7.29.7.tgz. Extracting by manifest.
600 silly tarball no local data for @babel/helper-string-parser@https://registry.npmjs.org/@babel/helper-string-parser/-/helper-string-parser-7.29.7.tgz. Extracting by manifest.
601 silly tarball no local data for @babel/helper-validator-identifier@https://registry.npmjs.org/@babel/helper-validator-identifier/-/helper-validator-identifier-7.29.7.tgz. Extracting by manifest.
602 silly tarball no local data for @babel/parser@https://registry.npmjs.org/@babel/parser/-/parser-7.29.7.tgz. Extracting by manifest.
603 silly tarball no local data for @babel/helper-compilation-targets@https://registry.npmjs.org/@babel/helper-compilation-targets/-/helper-compilation-targets-7.29.7.tgz. Extracting by manifest.
604 silly tarball no local data for @babel/helper-module-imports@https://registry.npmjs.org/@babel/helper-module-imports/-/helper-module-imports-7.29.7.tgz. Extracting by manifest.
605 silly tarball no local data for @babel/compat-data@https://registry.npmjs.org/@babel/compat-data/-/compat-data-7.29.7.tgz. Extracting by manifest.
606 silly tarball no local data for @babel/core@https://registry.npmjs.org/@babel/core/-/core-7.29.7.tgz. Extracting by manifest.
607 silly tarball no local data for @babel/generator@https://registry.npmjs.org/@babel/generator/-/generator-7.29.7.tgz. Extracting by manifest.
608 silly tarball no local data for @babel/helper-plugin-utils@https://registry.npmjs.org/@babel/helper-plugin-utils/-/helper-plugin-utils-7.27.1.tgz. Extracting by manifest.
609 silly tarball no local data for @babel/helper-globals@https://registry.npmjs.org/@babel/helper-globals/-/helper-globals-7.29.7.tgz. Extracting by manifest.
610 silly tarball no local data for yallist@https://registry.npmjs.org/yallist/-/yallist-3.1.1.tgz. Extracting by manifest.
611 silly tarball no local data for @babel/code-frame@https://registry.npmjs.org/@babel/code-frame/-/code-frame-7.29.7.tgz. Extracting by manifest.
612 silly tarball no local data for @alloc/quick-lru@https://registry.npmjs.org/@alloc/quick-lru/-/quick-lru-5.2.0.tgz. Extracting by manifest.
613 silly tarball no local data for tslib@https://registry.npmjs.org/tslib/-/tslib-2.8.1.tgz. Extracting by manifest.
614 silly tarball no local data for which@https://registry.npmjs.org/which/-/which-2.0.2.tgz. Extracting by manifest.
615 silly tarball no local data for warning@https://registry.npmjs.org/warning/-/warning-4.0.3.tgz. Extracting by manifest.
616 silly tarball no local data for wrap-ansi-cjs@https://registry.npmjs.org/wrap-ansi/-/wrap-ansi-7.0.0.tgz. Extracting by manifest.
617 silly tarball no local data for vite@https://registry.npmjs.org/vite/-/vite-6.4.3.tgz. Extracting by manifest.
618 silly tarball no local data for util-deprecate@https://registry.npmjs.org/util-deprecate/-/util-deprecate-1.0.2.tgz. Extracting by manifest.
619 silly tarball no local data for update-browserslist-db@https://registry.npmjs.org/update-browserslist-db/-/update-browserslist-db-1.1.3.tgz. Extracting by manifest.
620 silly tarball no local data for uncontrollable@https://registry.npmjs.org/uncontrollable/-/uncontrollable-7.2.1.tgz. Extracting by manifest.
621 silly tarball no local data for ts-interface-checker@https://registry.npmjs.org/ts-interface-checker/-/ts-interface-checker-0.1.13.tgz. Extracting by manifest.
622 silly tarball no local data for to-regex-range@https://registry.npmjs.org/to-regex-range/-/to-regex-range-5.0.1.tgz. Extracting by manifest.
623 silly tarball no local data for tinyglobby@https://registry.npmjs.org/tinyglobby/-/tinyglobby-0.2.16.tgz. Extracting by manifest.
624 silly tarball no local data for string-width-cjs@https://registry.npmjs.org/string-width/-/string-width-4.2.3.tgz. Extracting by manifest.
625 silly tarball no local data for wrap-ansi@https://registry.npmjs.org/wrap-ansi/-/wrap-ansi-8.1.0.tgz. Extracting by manifest.
626 silly tarball no local data for thenify-all@https://registry.npmjs.org/thenify-all/-/thenify-all-1.6.0.tgz. Extracting by manifest.
627 silly tarball no local data for supports-preserve-symlinks-flag@https://registry.npmjs.org/supports-preserve-symlinks-flag/-/supports-preserve-symlinks-flag-1.0.0.tgz. Extracting by manifest.
628 silly tarball no local data for run-parallel@https://registry.npmjs.org/run-parallel/-/run-parallel-1.2.0.tgz. Extracting by manifest.
629 silly tarball no local data for tailwindcss@https://registry.npmjs.org/tailwindcss/-/tailwindcss-3.4.18.tgz. Extracting by manifest.
630 silly tarball no local data for sucrase@https://registry.npmjs.org/sucrase/-/sucrase-3.35.0.tgz. Extracting by manifest.
631 silly tarball no local data for string-width@https://registry.npmjs.org/string-width/-/string-width-5.1.2.tgz. Extracting by manifest.
632 silly tarball no local data for strip-ansi@https://registry.npmjs.org/strip-ansi/-/strip-ansi-7.1.2.tgz. Extracting by manifest.
633 silly tarball no local data for thenify@https://registry.npmjs.org/thenify/-/thenify-3.3.1.tgz. Extracting by manifest.
634 silly tarball no local data for strip-ansi-cjs@https://registry.npmjs.org/strip-ansi/-/strip-ansi-6.0.1.tgz. Extracting by manifest.
635 silly tarball no local data for source-map-js@https://registry.npmjs.org/source-map-js/-/source-map-js-1.2.1.tgz. Extracting by manifest.
636 silly tarball no local data for signal-exit@https://registry.npmjs.org/signal-exit/-/signal-exit-4.1.0.tgz. Extracting by manifest.
637 silly tarball no local data for shebang-command@https://registry.npmjs.org/shebang-command/-/shebang-command-2.0.0.tgz. Extracting by manifest.
638 silly tarball no local data for scheduler@https://registry.npmjs.org/scheduler/-/scheduler-0.23.2.tgz. Extracting by manifest.
639 silly tarball no local data for shebang-regex@https://registry.npmjs.org/shebang-regex/-/shebang-regex-3.0.0.tgz. Extracting by manifest.
640 silly tarball no local data for semver@https://registry.npmjs.org/semver/-/semver-6.3.1.tgz. Extracting by manifest.
641 silly tarball no local data for reusify@https://registry.npmjs.org/reusify/-/reusify-1.1.0.tgz. Extracting by manifest.
642 silly tarball no local data for read-cache@https://registry.npmjs.org/read-cache/-/read-cache-1.0.0.tgz. Extracting by manifest.
643 silly tarball no local data for rollup@https://registry.npmjs.org/rollup/-/rollup-4.60.2.tgz. Extracting by manifest.
644 silly tarball no local data for react-router@https://registry.npmjs.org/react-router/-/react-router-6.30.4.tgz. Extracting by manifest.
645 silly tarball no local data for readdirp@https://registry.npmjs.org/readdirp/-/readdirp-3.6.0.tgz. Extracting by manifest.
646 silly tarball no local data for resolve@https://registry.npmjs.org/resolve/-/resolve-1.22.10.tgz. Extracting by manifest.
647 silly tarball no local data for react-refresh@https://registry.npmjs.org/react-refresh/-/react-refresh-0.17.0.tgz. Extracting by manifest.
648 silly tarball no local data for react-overlays@https://registry.npmjs.org/react-overlays/-/react-overlays-5.2.1.tgz. Extracting by manifest.
649 silly tarball no local data for react-lifecycles-compat@https://registry.npmjs.org/react-lifecycles-compat/-/react-lifecycles-compat-3.0.4.tgz. Extracting by manifest.
650 silly tarball no local data for postcss-nested@https://registry.npmjs.org/postcss-nested/-/postcss-nested-6.2.0.tgz. Extracting by manifest.
651 silly tarball no local data for react-dom@https://registry.npmjs.org/react-dom/-/react-dom-18.3.1.tgz. Extracting by manifest.
652 silly tarball no local data for queue-microtask@https://registry.npmjs.org/queue-microtask/-/queue-microtask-1.2.3.tgz. Extracting by manifest.
653 silly tarball no local data for react-big-calendar@https://registry.npmjs.org/react-big-calendar/-/react-big-calendar-1.20.0.tgz. Extracting by manifest.
654 silly tarball no local data for react-router-dom@https://registry.npmjs.org/react-router-dom/-/react-router-dom-6.30.4.tgz. Extracting by manifest.
655 silly tarball no local data for postcss-value-parser@https://registry.npmjs.org/postcss-value-parser/-/postcss-value-parser-4.2.0.tgz. Extracting by manifest.
656 silly tarball no local data for prop-types@https://registry.npmjs.org/prop-types/-/prop-types-15.8.1.tgz. Extracting by manifest.
657 silly tarball no local data for react@https://registry.npmjs.org/react/-/react-18.3.1.tgz. Extracting by manifest.
658 silly tarball no local data for postcss-load-config@https://registry.npmjs.org/postcss-load-config/-/postcss-load-config-6.0.1.tgz. Extracting by manifest.
659 silly tarball no local data for proxy-from-env@https://registry.npmjs.org/proxy-from-env/-/proxy-from-env-2.1.0.tgz. Extracting by manifest.
660 silly tarball no local data for picomatch@https://registry.npmjs.org/picomatch/-/picomatch-2.3.2.tgz. Extracting by manifest.
661 silly tarball no local data for postcss-selector-parser@https://registry.npmjs.org/postcss-selector-parser/-/postcss-selector-parser-6.1.2.tgz. Extracting by manifest.
662 silly tarball no local data for react-is@https://registry.npmjs.org/react-is/-/react-is-16.13.1.tgz. Extracting by manifest.
663 silly tarball no local data for path-parse@https://registry.npmjs.org/path-parse/-/path-parse-1.0.7.tgz. Extracting by manifest.
664 silly tarball no local data for postcss-js@https://registry.npmjs.org/postcss-js/-/postcss-js-4.1.0.tgz. Extracting by manifest.
665 silly tarball no local data for postcss-import@https://registry.npmjs.org/postcss-import/-/postcss-import-15.1.0.tgz. Extracting by manifest.
666 silly tarball no local data for pirates@https://registry.npmjs.org/pirates/-/pirates-4.0.7.tgz. Extracting by manifest.
667 silly tarball no local data for picocolors@https://registry.npmjs.org/picocolors/-/picocolors-1.1.1.tgz. Extracting by manifest.
668 silly tarball no local data for pify@https://registry.npmjs.org/pify/-/pify-2.3.0.tgz. Extracting by manifest.
669 silly tarball no local data for postcss@https://registry.npmjs.org/postcss/-/postcss-8.5.12.tgz. Extracting by manifest.
670 silly tarball no local data for object-hash@https://registry.npmjs.org/object-hash/-/object-hash-3.0.0.tgz. Extracting by manifest.
671 silly tarball no local data for path-scurry@https://registry.npmjs.org/path-scurry/-/path-scurry-1.11.1.tgz. Extracting by manifest.
672 silly tarball no local data for object-assign@https://registry.npmjs.org/object-assign/-/object-assign-4.1.1.tgz. Extracting by manifest.
673 silly tarball no local data for path-key@https://registry.npmjs.org/path-key/-/path-key-3.1.1.tgz. Extracting by manifest.
674 silly tarball no local data for normalize-range@https://registry.npmjs.org/normalize-range/-/normalize-range-0.1.2.tgz. Extracting by manifest.
675 silly tarball no local data for package-json-from-dist@https://registry.npmjs.org/package-json-from-dist/-/package-json-from-dist-1.0.1.tgz. Extracting by manifest.
676 silly tarball no local data for node-releases@https://registry.npmjs.org/node-releases/-/node-releases-2.0.23.tgz. Extracting by manifest.
677 silly tarball no local data for mz@https://registry.npmjs.org/mz/-/mz-2.7.0.tgz. Extracting by manifest.
678 silly tarball no local data for nanoid@https://registry.npmjs.org/nanoid/-/nanoid-3.3.11.tgz. Extracting by manifest.
679 silly tarball no local data for normalize-path@https://registry.npmjs.org/normalize-path/-/normalize-path-3.0.0.tgz. Extracting by manifest.
680 silly tarball no local data for ms@https://registry.npmjs.org/ms/-/ms-2.1.3.tgz. Extracting by manifest.
681 silly tarball no local data for motion-utils@https://registry.npmjs.org/motion-utils/-/motion-utils-12.23.6.tgz. Extracting by manifest.
682 silly tarball no local data for motion-dom@https://registry.npmjs.org/motion-dom/-/motion-dom-12.23.23.tgz. Extracting by manifest.
683 silly tarball no local data for moment-timezone@https://registry.npmjs.org/moment-timezone/-/moment-timezone-0.5.48.tgz. Extracting by manifest.
684 silly tarball no local data for minimatch@https://registry.npmjs.org/minimatch/-/minimatch-9.0.9.tgz. Extracting by manifest.
685 silly tarball no local data for moment@https://registry.npmjs.org/moment/-/moment-2.30.1.tgz. Extracting by manifest.
686 silly tarball no local data for minipass@https://registry.npmjs.org/minipass/-/minipass-7.1.2.tgz. Extracting by manifest.
687 silly tarball no local data for mime-types@https://registry.npmjs.org/mime-types/-/mime-types-2.1.35.tgz. Extracting by manifest.
688 silly tarball no local data for micromatch@https://registry.npmjs.org/micromatch/-/micromatch-4.0.8.tgz. Extracting by manifest.
689 silly tarball no local data for mime-db@https://registry.npmjs.org/mime-db/-/mime-db-1.52.0.tgz. Extracting by manifest.
690 silly tarball no local data for merge2@https://registry.npmjs.org/merge2/-/merge2-1.4.1.tgz. Extracting by manifest.
691 silly tarball no local data for memoize-one@https://registry.npmjs.org/memoize-one/-/memoize-one-6.0.0.tgz. Extracting by manifest.
692 silly tarball no local data for math-intrinsics@https://registry.npmjs.org/math-intrinsics/-/math-intrinsics-1.1.0.tgz. Extracting by manifest.
693 silly tarball no local data for luxon@https://registry.npmjs.org/luxon/-/luxon-3.7.2.tgz. Extracting by manifest.
694 silly tarball no local data for loose-envify@https://registry.npmjs.org/loose-envify/-/loose-envify-1.4.0.tgz. Extracting by manifest.
695 silly tarball no local data for lucide-react@https://registry.npmjs.org/lucide-react/-/lucide-react-0.468.0.tgz. Extracting by manifest.
696 silly tarball no local data for lodash-es@https://registry.npmjs.org/lodash-es/-/lodash-es-4.18.1.tgz. Extracting by manifest.
697 silly tarball no local data for lodash@https://registry.npmjs.org/lodash/-/lodash-4.18.1.tgz. Extracting by manifest.
698 silly tarball no local data for is-number@https://registry.npmjs.org/is-number/-/is-number-7.0.0.tgz. Extracting by manifest.
699 silly tarball no local data for lines-and-columns@https://registry.npmjs.org/lines-and-columns/-/lines-and-columns-1.2.4.tgz. Extracting by manifest.
700 silly tarball no local data for json5@https://registry.npmjs.org/json5/-/json5-2.2.3.tgz. Extracting by manifest.
701 silly tarball no local data for js-tokens@https://registry.npmjs.org/js-tokens/-/js-tokens-4.0.0.tgz. Extracting by manifest.
702 silly tarball no local data for lru-cache@https://registry.npmjs.org/lru-cache/-/lru-cache-5.1.1.tgz. Extracting by manifest.
703 silly tarball no local data for jsesc@https://registry.npmjs.org/jsesc/-/jsesc-3.1.0.tgz. Extracting by manifest.
704 silly tarball no local data for lilconfig@https://registry.npmjs.org/lilconfig/-/lilconfig-3.1.3.tgz. Extracting by manifest.
705 silly tarball no local data for jiti@https://registry.npmjs.org/jiti/-/jiti-1.21.7.tgz. Extracting by manifest.
706 silly tarball no local data for is-fullwidth-code-point@https://registry.npmjs.org/is-fullwidth-code-point/-/is-fullwidth-code-point-3.0.0.tgz. Extracting by manifest.
707 silly tarball no local data for isexe@https://registry.npmjs.org/isexe/-/isexe-2.0.0.tgz. Extracting by manifest.
708 silly tarball no local data for jackspeak@https://registry.npmjs.org/jackspeak/-/jackspeak-3.4.3.tgz. Extracting by manifest.
709 silly tarball no local data for is-core-module@https://registry.npmjs.org/is-core-module/-/is-core-module-2.16.1.tgz. Extracting by manifest.
710 silly tarball no local data for get-proto@https://registry.npmjs.org/get-proto/-/get-proto-1.0.1.tgz. Extracting by manifest.
711 silly tarball no local data for is-extglob@https://registry.npmjs.org/is-extglob/-/is-extglob-2.1.1.tgz. Extracting by manifest.
712 silly tarball no local data for is-glob@https://registry.npmjs.org/is-glob/-/is-glob-4.0.3.tgz. Extracting by manifest.
713 silly tarball no local data for is-binary-path@https://registry.npmjs.org/is-binary-path/-/is-binary-path-2.1.0.tgz. Extracting by manifest.
714 silly tarball no local data for hasown@https://registry.npmjs.org/hasown/-/hasown-2.0.4.tgz. Extracting by manifest.
715 silly tarball no local data for invariant@https://registry.npmjs.org/invariant/-/invariant-2.2.4.tgz. Extracting by manifest.
716 silly tarball no local data for https-proxy-agent@https://registry.npmjs.org/https-proxy-agent/-/https-proxy-agent-5.0.1.tgz. Extracting by manifest.
717 silly tarball no local data for has-tostringtag@https://registry.npmjs.org/has-tostringtag/-/has-tostringtag-1.0.2.tgz. Extracting by manifest.
718 silly tarball no local data for gopd@https://registry.npmjs.org/gopd/-/gopd-1.2.0.tgz. Extracting by manifest.
719 silly tarball no local data for has-symbols@https://registry.npmjs.org/has-symbols/-/has-symbols-1.1.0.tgz. Extracting by manifest.
720 silly tarball no local data for globalize@https://registry.npmjs.org/globalize/-/globalize-1.7.1.tgz. Extracting by manifest.
721 silly tarball no local data for glob@https://registry.npmjs.org/glob/-/glob-10.5.0.tgz. Extracting by manifest.
722 silly tarball no local data for function-bind@https://registry.npmjs.org/function-bind/-/function-bind-1.1.2.tgz. Extracting by manifest.
723 silly tarball no local data for framer-motion@https://registry.npmjs.org/framer-motion/-/framer-motion-12.23.24.tgz. Extracting by manifest.
724 silly tarball no local data for glob-parent@https://registry.npmjs.org/glob-parent/-/glob-parent-6.0.2.tgz. Extracting by manifest.
725 silly tarball no local data for gensync@https://registry.npmjs.org/gensync/-/gensync-1.0.0-beta.2.tgz. Extracting by manifest.
726 silly tarball no local data for fraction.js@https://registry.npmjs.org/fraction.js/-/fraction.js-4.3.7.tgz. Extracting by manifest.
727 silly tarball no local data for form-data@https://registry.npmjs.org/form-data/-/form-data-4.0.6.tgz. Extracting by manifest.
728 silly tarball no local data for get-intrinsic@https://registry.npmjs.org/get-intrinsic/-/get-intrinsic-1.3.0.tgz. Extracting by manifest.
729 silly tarball no local data for follow-redirects@https://registry.npmjs.org/follow-redirects/-/follow-redirects-1.16.0.tgz. Extracting by manifest.
730 silly tarball no local data for fill-range@https://registry.npmjs.org/fill-range/-/fill-range-7.1.1.tgz. Extracting by manifest.
731 silly tarball no local data for fast-glob@https://registry.npmjs.org/fast-glob/-/fast-glob-3.3.3.tgz. Extracting by manifest.
732 silly tarball no local data for escalade@https://registry.npmjs.org/escalade/-/escalade-3.2.0.tgz. Extracting by manifest.
733 silly tarball no local data for fastq@https://registry.npmjs.org/fastq/-/fastq-1.19.1.tgz. Extracting by manifest.
734 silly tarball no local data for esbuild@https://registry.npmjs.org/esbuild/-/esbuild-0.25.12.tgz. Extracting by manifest.
735 silly tarball no local data for es-set-tostringtag@https://registry.npmjs.org/es-set-tostringtag/-/es-set-tostringtag-2.1.0.tgz. Extracting by manifest.
736 silly tarball no local data for foreground-child@https://registry.npmjs.org/foreground-child/-/foreground-child-3.3.1.tgz. Extracting by manifest.
737 silly tarball no local data for es-object-atoms@https://registry.npmjs.org/es-object-atoms/-/es-object-atoms-1.1.1.tgz. Extracting by manifest.
738 silly tarball no local data for es-errors@https://registry.npmjs.org/es-errors/-/es-errors-1.3.0.tgz. Extracting by manifest.
739 silly tarball no local data for es-define-property@https://registry.npmjs.org/es-define-property/-/es-define-property-1.0.1.tgz. Extracting by manifest.
740 silly tarball no local data for electron-to-chromium@https://registry.npmjs.org/electron-to-chromium/-/electron-to-chromium-1.5.237.tgz. Extracting by manifest.
741 silly tarball no local data for eastasianwidth@https://registry.npmjs.org/eastasianwidth/-/eastasianwidth-0.2.0.tgz. Extracting by manifest.
742 silly tarball no local data for dunder-proto@https://registry.npmjs.org/dunder-proto/-/dunder-proto-1.0.1.tgz. Extracting by manifest.
743 silly tarball no local data for emoji-regex@https://registry.npmjs.org/emoji-regex/-/emoji-regex-9.2.2.tgz. Extracting by manifest.
744 silly tarball no local data for dlv@https://registry.npmjs.org/dlv/-/dlv-1.1.3.tgz. Extracting by manifest.
745 silly tarball no local data for dom-helpers@https://registry.npmjs.org/dom-helpers/-/dom-helpers-6.0.1.tgz. Extracting by manifest.
746 silly tarball no local data for dequal@https://registry.npmjs.org/dequal/-/dequal-2.0.3.tgz. Extracting by manifest.
747 silly tarball no local data for debug@https://registry.npmjs.org/debug/-/debug-4.4.3.tgz. Extracting by manifest.
748 silly tarball no local data for delayed-stream@https://registry.npmjs.org/delayed-stream/-/delayed-stream-1.0.0.tgz. Extracting by manifest.
749 silly tarball no local data for date-fns@https://registry.npmjs.org/date-fns/-/date-fns-4.4.0.tgz. Extracting by manifest.
750 silly tarball no local data for dayjs@https://registry.npmjs.org/dayjs/-/dayjs-1.11.21.tgz. Extracting by manifest.
751 silly tarball no local data for date-arithmetic@https://registry.npmjs.org/date-arithmetic/-/date-arithmetic-4.1.0.tgz. Extracting by manifest.
752 silly tarball no local data for combined-stream@https://registry.npmjs.org/combined-stream/-/combined-stream-1.0.8.tgz. Extracting by manifest.
753 silly tarball no local data for cssesc@https://registry.npmjs.org/cssesc/-/cssesc-3.0.0.tgz. Extracting by manifest.
754 silly tarball no local data for csstype@https://registry.npmjs.org/csstype/-/csstype-3.2.3.tgz. Extracting by manifest.
755 silly tarball no local data for convert-source-map@https://registry.npmjs.org/convert-source-map/-/convert-source-map-2.0.0.tgz. Extracting by manifest.
756 silly tarball no local data for didyoumean@https://registry.npmjs.org/didyoumean/-/didyoumean-1.2.2.tgz. Extracting by manifest.
757 silly tarball no local data for commander@https://registry.npmjs.org/commander/-/commander-4.1.1.tgz. Extracting by manifest.
758 silly tarball no local data for cross-spawn@https://registry.npmjs.org/cross-spawn/-/cross-spawn-7.0.6.tgz. Extracting by manifest.
759 silly tarball no local data for clsx@https://registry.npmjs.org/clsx/-/clsx-2.1.1.tgz. Extracting by manifest.
760 silly tarball no local data for chokidar@https://registry.npmjs.org/chokidar/-/chokidar-3.6.0.tgz. Extracting by manifest.
761 silly tarball no local data for color-convert@https://registry.npmjs.org/color-convert/-/color-convert-2.0.1.tgz. Extracting by manifest.
762 silly tarball no local data for cldrjs@https://registry.npmjs.org/cldrjs/-/cldrjs-0.5.5.tgz. Extracting by manifest.
763 silly tarball no local data for color-name@https://registry.npmjs.org/color-name/-/color-name-1.1.4.tgz. Extracting by manifest.
764 silly tarball no local data for caniuse-lite@https://registry.npmjs.org/caniuse-lite/-/caniuse-lite-1.0.30001750.tgz. Extracting by manifest.
765 silly tarball no local data for camelcase-css@https://registry.npmjs.org/camelcase-css/-/camelcase-css-2.0.1.tgz. Extracting by manifest.
766 silly tarball no local data for call-bind-apply-helpers@https://registry.npmjs.org/call-bind-apply-helpers/-/call-bind-apply-helpers-1.0.2.tgz. Extracting by manifest.
767 silly tarball no local data for browserslist@https://registry.npmjs.org/browserslist/-/browserslist-4.26.3.tgz. Extracting by manifest.
768 silly tarball no local data for braces@https://registry.npmjs.org/braces/-/braces-3.0.3.tgz. Extracting by manifest.
769 silly tarball no local data for baseline-browser-mapping@https://registry.npmjs.org/baseline-browser-mapping/-/baseline-browser-mapping-2.8.16.tgz. Extracting by manifest.
770 silly tarball no local data for autoprefixer@https://registry.npmjs.org/autoprefixer/-/autoprefixer-10.4.21.tgz. Extracting by manifest.
771 silly tarball no local data for asynckit@https://registry.npmjs.org/asynckit/-/asynckit-0.4.0.tgz. Extracting by manifest.
772 silly tarball no local data for brace-expansion@https://registry.npmjs.org/brace-expansion/-/brace-expansion-2.1.0.tgz. Extracting by manifest.
773 silly tarball no local data for axios@https://registry.npmjs.org/axios/-/axios-1.18.1.tgz. Extracting by manifest.
774 silly tarball no local data for binary-extensions@https://registry.npmjs.org/binary-extensions/-/binary-extensions-2.3.0.tgz. Extracting by manifest.
775 silly tarball no local data for arg@https://registry.npmjs.org/arg/-/arg-5.0.2.tgz. Extracting by manifest.
776 silly tarball no local data for balanced-match@https://registry.npmjs.org/balanced-match/-/balanced-match-1.0.2.tgz. Extracting by manifest.
777 silly tarball no local data for any-promise@https://registry.npmjs.org/any-promise/-/any-promise-1.3.0.tgz. Extracting by manifest.
778 silly tarball no local data for ansi-styles@https://registry.npmjs.org/ansi-styles/-/ansi-styles-6.2.3.tgz. Extracting by manifest.
779 silly tarball no local data for agent-base@https://registry.npmjs.org/agent-base/-/agent-base-6.0.2.tgz. Extracting by manifest.
780 silly tarball no local data for ansi-regex@https://registry.npmjs.org/ansi-regex/-/ansi-regex-6.2.2.tgz. Extracting by manifest.
781 silly tarball no local data for strip-ansi@https://registry.npmjs.org/strip-ansi/-/strip-ansi-6.0.1.tgz. Extracting by manifest.
782 silly tarball no local data for anymatch@https://registry.npmjs.org/anymatch/-/anymatch-3.1.3.tgz. Extracting by manifest.
783 silly tarball no local data for fdir@https://registry.npmjs.org/fdir/-/fdir-6.5.0.tgz. Extracting by manifest.
784 silly tarball no local data for picomatch@https://registry.npmjs.org/picomatch/-/picomatch-4.0.4.tgz. Extracting by manifest.
785 silly tarball no local data for emoji-regex@https://registry.npmjs.org/emoji-regex/-/emoji-regex-8.0.0.tgz. Extracting by manifest.
786 silly tarball no local data for strip-ansi@https://registry.npmjs.org/strip-ansi/-/strip-ansi-6.0.1.tgz. Extracting by manifest.
787 silly tarball no local data for ansi-styles@https://registry.npmjs.org/ansi-styles/-/ansi-styles-4.3.0.tgz. Extracting by manifest.
788 silly tarball no local data for ansi-regex@https://registry.npmjs.org/ansi-regex/-/ansi-regex-5.0.1.tgz. Extracting by manifest.
789 silly tarball no local data for string-width@https://registry.npmjs.org/string-width/-/string-width-4.2.3.tgz. Extracting by manifest.
790 silly tarball no local data for picomatch@https://registry.npmjs.org/picomatch/-/picomatch-4.0.4.tgz. Extracting by manifest.
791 silly tarball no local data for ansi-regex@https://registry.npmjs.org/ansi-regex/-/ansi-regex-5.0.1.tgz. Extracting by manifest.
792 silly tarball no local data for ansi-regex@https://registry.npmjs.org/ansi-regex/-/ansi-regex-5.0.1.tgz. Extracting by manifest.
793 silly tarball no local data for dom-helpers@https://registry.npmjs.org/dom-helpers/-/dom-helpers-5.2.1.tgz. Extracting by manifest.
794 silly tarball no local data for emoji-regex@https://registry.npmjs.org/emoji-regex/-/emoji-regex-8.0.0.tgz. Extracting by manifest.
795 silly tarball no local data for glob-parent@https://registry.npmjs.org/glob-parent/-/glob-parent-5.1.2.tgz. Extracting by manifest.
796 silly tarball no local data for glob-parent@https://registry.npmjs.org/glob-parent/-/glob-parent-5.1.2.tgz. Extracting by manifest.
797 silly tarball no local data for fdir@https://registry.npmjs.org/fdir/-/fdir-6.5.0.tgz. Extracting by manifest.
798 silly tarball no local data for lru-cache@https://registry.npmjs.org/lru-cache/-/lru-cache-10.4.3.tgz. Extracting by manifest.
799 http fetch POST 200 https://registry.npmjs.org/-/npm/v1/security/advisories/bulk 372ms
800 silly audit report {}
801 http fetch GET 200 https://registry.npmjs.org/@types/babel__template/-/babel__template-7.4.4.tgz 463ms (cache miss)
802 http fetch GET 200 https://registry.npmjs.org/@types/warning/-/warning-3.0.4.tgz 475ms (cache miss)
803 http fetch GET 200 https://registry.npmjs.org/@types/babel__generator/-/babel__generator-7.27.0.tgz 469ms (cache miss)
804 http fetch GET 200 https://registry.npmjs.org/@types/estree/-/estree-1.0.8.tgz 488ms (cache miss)
805 http fetch GET 200 https://registry.npmjs.org/@types/babel__core/-/babel__core-7.20.5.tgz 501ms (cache miss)
806 http fetch GET 200 https://registry.npmjs.org/@isaacs/cliui/-/cliui-8.0.2.tgz 503ms (cache miss)
807 http fetch GET 200 https://registry.npmjs.org/@types/babel__traverse/-/babel__traverse-7.28.0.tgz 515ms (cache miss)
808 http fetch GET 200 https://registry.npmjs.org/@rolldown/pluginutils/-/pluginutils-1.0.0-beta.27.tgz 513ms (cache miss)
809 http fetch GET 200 https://registry.npmjs.org/@react-oauth/google/-/google-0.13.4.tgz 541ms (cache miss)
810 http fetch GET 200 https://registry.npmjs.org/@babel/plugin-transform-react-jsx-self/-/plugin-transform-react-jsx-self-7.27.1.tgz 551ms (cache miss)
811 http fetch GET 200 https://registry.npmjs.org/@vitejs/plugin-react/-/plugin-react-4.7.0.tgz 579ms (cache miss)
812 http fetch GET 200 https://registry.npmjs.org/@jridgewell/resolve-uri/-/resolve-uri-3.1.2.tgz 569ms (cache miss)
813 http fetch GET 200 https://registry.npmjs.org/@babel/helper-validator-option/-/helper-validator-option-7.29.7.tgz 588ms (cache miss)
814 http fetch GET 200 https://registry.npmjs.org/@babel/helper-string-parser/-/helper-string-parser-7.29.7.tgz 606ms (cache miss)
815 http fetch GET 200 https://registry.npmjs.org/@babel/helper-module-imports/-/helper-module-imports-7.29.7.tgz 622ms (cache miss)
816 http fetch GET 200 https://registry.npmjs.org/@nodelib/fs.stat/-/fs.stat-2.0.5.tgz 639ms (cache miss)
817 http fetch GET 200 https://registry.npmjs.org/@babel/helper-validator-identifier/-/helper-validator-identifier-7.29.7.tgz 674ms (cache miss)
818 http fetch GET 200 https://registry.npmjs.org/@babel/helper-plugin-utils/-/helper-plugin-utils-7.27.1.tgz 683ms (cache miss)
819 http fetch GET 200 https://registry.npmjs.org/@rollup/rollup-win32-x64-msvc/-/rollup-win32-x64-msvc-4.60.2.tgz 702ms (cache miss)
820 http fetch GET 200 https://registry.npmjs.org/@nodelib/fs.scandir/-/fs.scandir-2.1.5.tgz 701ms (cache miss)
821 http fetch GET 200 https://registry.npmjs.org/@pkgjs/parseargs/-/parseargs-0.11.0.tgz 699ms (cache miss)
822 http fetch GET 200 https://registry.npmjs.org/@nodelib/fs.walk/-/fs.walk-1.2.8.tgz 714ms (cache miss)
823 http fetch GET 200 https://registry.npmjs.org/yallist/-/yallist-3.1.1.tgz 705ms (cache miss)
824 http fetch GET 200 https://registry.npmjs.org/@types/react/-/react-19.2.17.tgz 744ms (cache miss)
825 http fetch GET 200 https://registry.npmjs.org/@babel/compat-data/-/compat-data-7.29.7.tgz 738ms (cache miss)
826 http fetch GET 200 https://registry.npmjs.org/@babel/code-frame/-/code-frame-7.29.7.tgz 756ms (cache miss)
827 http fetch GET 200 https://registry.npmjs.org/@alloc/quick-lru/-/quick-lru-5.2.0.tgz 774ms (cache miss)
828 http fetch GET 200 https://registry.npmjs.org/which/-/which-2.0.2.tgz 778ms (cache miss)
829 http fetch GET 200 https://registry.npmjs.org/@jridgewell/sourcemap-codec/-/sourcemap-codec-1.5.5.tgz 792ms (cache miss)
830 http fetch GET 200 https://registry.npmjs.org/warning/-/warning-4.0.3.tgz 792ms (cache miss)
831 http fetch GET 200 https://registry.npmjs.org/@babel/helper-compilation-targets/-/helper-compilation-targets-7.29.7.tgz 814ms (cache miss)
832 http fetch GET 200 https://registry.npmjs.org/util-deprecate/-/util-deprecate-1.0.2.tgz 817ms (cache miss)
833 http fetch GET 200 https://registry.npmjs.org/wrap-ansi/-/wrap-ansi-7.0.0.tgz 817ms (cache miss)
834 http fetch GET 200 https://registry.npmjs.org/update-browserslist-db/-/update-browserslist-db-1.1.3.tgz 825ms (cache miss)
835 http fetch GET 200 https://registry.npmjs.org/to-regex-range/-/to-regex-range-5.0.1.tgz 834ms (cache miss)
836 http fetch GET 200 https://registry.npmjs.org/@jridgewell/remapping/-/remapping-2.3.5.tgz 850ms (cache miss)
837 http fetch GET 200 https://registry.npmjs.org/string-width/-/string-width-4.2.3.tgz 849ms (cache miss)
838 http fetch GET 200 https://registry.npmjs.org/wrap-ansi/-/wrap-ansi-8.1.0.tgz 857ms (cache miss)
839 http fetch GET 200 https://registry.npmjs.org/@babel/plugin-transform-react-jsx-source/-/plugin-transform-react-jsx-source-7.27.1.tgz 869ms (cache miss)
840 http fetch GET 200 https://registry.npmjs.org/thenify-all/-/thenify-all-1.6.0.tgz 863ms (cache miss)
841 http fetch GET 200 https://registry.npmjs.org/supports-preserve-symlinks-flag/-/supports-preserve-symlinks-flag-1.0.0.tgz 863ms (cache miss)
842 http fetch GET 200 https://registry.npmjs.org/run-parallel/-/run-parallel-1.2.0.tgz 866ms (cache miss)
843 http fetch GET 200 https://registry.npmjs.org/tinyglobby/-/tinyglobby-0.2.16.tgz 882ms (cache miss)
844 http fetch GET 200 https://registry.npmjs.org/string-width/-/string-width-5.1.2.tgz 889ms (cache miss)
845 http fetch GET 200 https://registry.npmjs.org/ts-interface-checker/-/ts-interface-checker-0.1.13.tgz 902ms (cache miss)
846 http fetch GET 200 https://registry.npmjs.org/tslib/-/tslib-2.8.1.tgz 910ms (cache miss)
847 http fetch GET 200 https://registry.npmjs.org/strip-ansi/-/strip-ansi-6.0.1.tgz 905ms (cache miss)
848 http fetch GET 200 https://registry.npmjs.org/thenify/-/thenify-3.3.1.tgz 912ms (cache miss)
849 http fetch GET 200 https://registry.npmjs.org/@babel/helper-globals/-/helper-globals-7.29.7.tgz 929ms (cache miss)
850 http fetch GET 200 https://registry.npmjs.org/shebang-command/-/shebang-command-2.0.0.tgz 932ms (cache miss)
851 http fetch GET 200 https://registry.npmjs.org/reusify/-/reusify-1.1.0.tgz 951ms (cache miss)
852 http fetch GET 200 https://registry.npmjs.org/read-cache/-/read-cache-1.0.0.tgz 966ms (cache miss)
853 http fetch GET 200 https://registry.npmjs.org/shebang-regex/-/shebang-regex-3.0.0.tgz 967ms (cache miss)
854 http fetch GET 200 https://registry.npmjs.org/@rollup/rollup-win32-x64-gnu/-/rollup-win32-x64-gnu-4.60.2.tgz 1020ms (cache miss)
855 http fetch GET 200 https://registry.npmjs.org/strip-ansi/-/strip-ansi-7.1.2.tgz 1013ms (cache miss)
856 http fetch GET 200 https://registry.npmjs.org/readdirp/-/readdirp-3.6.0.tgz 1014ms (cache miss)
857 http fetch GET 200 https://registry.npmjs.org/@jridgewell/gen-mapping/-/gen-mapping-0.3.13.tgz 1036ms (cache miss)
858 http fetch GET 200 https://registry.npmjs.org/semver/-/semver-6.3.1.tgz 1028ms (cache miss)
859 http fetch GET 200 https://registry.npmjs.org/postcss-nested/-/postcss-nested-6.2.0.tgz 1058ms (cache miss)
860 http fetch GET 200 https://registry.npmjs.org/@babel/template/-/template-7.29.7.tgz 1097ms (cache miss)
861 http fetch GET 200 https://registry.npmjs.org/queue-microtask/-/queue-microtask-1.2.3.tgz 1080ms (cache miss)
862 http fetch GET 200 https://registry.npmjs.org/@babel/helper-module-transforms/-/helper-module-transforms-7.29.7.tgz 1114ms (cache miss)
863 http fetch GET 200 https://registry.npmjs.org/react-refresh/-/react-refresh-0.17.0.tgz 1100ms (cache miss)
864 http fetch GET 200 https://registry.npmjs.org/@babel/parser/-/parser-7.29.7.tgz 1134ms (cache miss)
865 http fetch GET 200 https://registry.npmjs.org/@jridgewell/trace-mapping/-/trace-mapping-0.3.31.tgz 1146ms (cache miss)
866 http fetch GET 200 https://registry.npmjs.org/scheduler/-/scheduler-0.23.2.tgz 1138ms (cache miss)
867 http fetch GET 200 https://registry.npmjs.org/proxy-from-env/-/proxy-from-env-2.1.0.tgz 1135ms (cache miss)
868 http fetch GET 200 https://registry.npmjs.org/uncontrollable/-/uncontrollable-7.2.1.tgz 1188ms (cache miss)
869 http fetch GET 200 https://registry.npmjs.org/postcss-load-config/-/postcss-load-config-6.0.1.tgz 1173ms (cache miss)
870 http fetch GET 200 https://registry.npmjs.org/path-parse/-/path-parse-1.0.7.tgz 1174ms (cache miss)
871 http fetch GET 200 https://registry.npmjs.org/postcss-value-parser/-/postcss-value-parser-4.2.0.tgz 1191ms (cache miss)
872 http fetch GET 200 https://registry.npmjs.org/postcss-js/-/postcss-js-4.1.0.tgz 1197ms (cache miss)
873 http fetch GET 200 https://registry.npmjs.org/postcss-import/-/postcss-import-15.1.0.tgz 1202ms (cache miss)
874 http fetch GET 200 https://registry.npmjs.org/pirates/-/pirates-4.0.7.tgz 1231ms (cache miss)
875 http fetch GET 200 https://registry.npmjs.org/picomatch/-/picomatch-2.3.2.tgz 1237ms (cache miss)
876 http fetch GET 200 https://registry.npmjs.org/react-lifecycles-compat/-/react-lifecycles-compat-3.0.4.tgz 1249ms (cache miss)
877 http fetch GET 200 https://registry.npmjs.org/pify/-/pify-2.3.0.tgz 1246ms (cache miss)
878 http fetch GET 200 https://registry.npmjs.org/picocolors/-/picocolors-1.1.1.tgz 1252ms (cache miss)
879 http fetch GET 200 https://registry.npmjs.org/prop-types/-/prop-types-15.8.1.tgz 1257ms (cache miss)
880 http fetch GET 200 https://registry.npmjs.org/react-is/-/react-is-16.13.1.tgz 1282ms (cache miss)
881 http fetch GET 200 https://registry.npmjs.org/object-assign/-/object-assign-4.1.1.tgz 1283ms (cache miss)
882 http fetch GET 200 https://registry.npmjs.org/package-json-from-dist/-/package-json-from-dist-1.0.1.tgz 1284ms (cache miss)
883 http fetch GET 200 https://registry.npmjs.org/path-key/-/path-key-3.1.1.tgz 1290ms (cache miss)
884 http fetch GET 200 https://registry.npmjs.org/normalize-range/-/normalize-range-0.1.2.tgz 1292ms (cache miss)
885 http fetch GET 200 https://registry.npmjs.org/object-hash/-/object-hash-3.0.0.tgz 1294ms (cache miss)
886 http fetch GET 200 https://registry.npmjs.org/node-releases/-/node-releases-2.0.23.tgz 1295ms (cache miss)
887 http fetch GET 200 https://registry.npmjs.org/ms/-/ms-2.1.3.tgz 1303ms (cache miss)
888 http fetch GET 200 https://registry.npmjs.org/normalize-path/-/normalize-path-3.0.0.tgz 1305ms (cache miss)
889 http fetch GET 200 https://registry.npmjs.org/@babel/generator/-/generator-7.29.7.tgz 1338ms (cache miss)
890 http fetch GET 200 https://registry.npmjs.org/mime-types/-/mime-types-2.1.35.tgz 1324ms (cache miss)
891 http fetch GET 200 https://registry.npmjs.org/source-map-js/-/source-map-js-1.2.1.tgz 1398ms (cache miss)
892 http fetch GET 200 https://registry.npmjs.org/mz/-/mz-2.7.0.tgz 1382ms (cache miss)
893 http fetch GET 200 https://registry.npmjs.org/math-intrinsics/-/math-intrinsics-1.1.0.tgz 1377ms (cache miss)
894 http fetch GET 200 https://registry.npmjs.org/motion-utils/-/motion-utils-12.23.6.tgz 1413ms (cache miss)
895 http fetch GET 200 https://registry.npmjs.org/react/-/react-18.3.1.tgz 1445ms (cache miss)
896 http fetch GET 200 https://registry.npmjs.org/micromatch/-/micromatch-4.0.8.tgz 1443ms (cache miss)
897 http fetch GET 200 https://registry.npmjs.org/lines-and-columns/-/lines-and-columns-1.2.4.tgz 1474ms (cache miss)
898 http fetch GET 200 https://registry.npmjs.org/loose-envify/-/loose-envify-1.4.0.tgz 1480ms (cache miss)
899 http fetch GET 200 https://registry.npmjs.org/@remix-run/router/-/router-1.23.3.tgz 1525ms (cache miss)
900 http fetch GET 200 https://registry.npmjs.org/is-number/-/is-number-7.0.0.tgz 1482ms (cache miss)
901 http fetch GET 200 https://registry.npmjs.org/merge2/-/merge2-1.4.1.tgz 1485ms (cache miss)
902 http fetch GET 200 https://registry.npmjs.org/signal-exit/-/signal-exit-4.1.0.tgz 1531ms (cache miss)
903 http fetch GET 200 https://registry.npmjs.org/js-tokens/-/js-tokens-4.0.0.tgz 1520ms (cache miss)
904 http fetch GET 200 https://registry.npmjs.org/react-router/-/react-router-6.30.4.tgz 1553ms (cache miss)
905 http fetch GET 200 https://registry.npmjs.org/lilconfig/-/lilconfig-3.1.3.tgz 1539ms (cache miss)
906 http fetch GET 200 https://registry.npmjs.org/is-fullwidth-code-point/-/is-fullwidth-code-point-3.0.0.tgz 1540ms (cache miss)
907 http fetch GET 200 https://registry.npmjs.org/lru-cache/-/lru-cache-5.1.1.tgz 1545ms (cache miss)
908 http fetch GET 200 https://registry.npmjs.org/path-scurry/-/path-scurry-1.11.1.tgz 1566ms (cache miss)
909 http fetch GET 200 https://registry.npmjs.org/jsesc/-/jsesc-3.1.0.tgz 1558ms (cache miss)
910 http fetch GET 200 https://registry.npmjs.org/isexe/-/isexe-2.0.0.tgz 1566ms (cache miss)
911 http fetch GET 200 https://registry.npmjs.org/@babel/traverse/-/traverse-7.29.7.tgz 1647ms (cache miss)
912 http fetch GET 200 https://registry.npmjs.org/is-core-module/-/is-core-module-2.16.1.tgz 1605ms (cache miss)
913 http fetch GET 200 https://registry.npmjs.org/is-extglob/-/is-extglob-2.1.1.tgz 1613ms (cache miss)
914 http fetch GET 200 https://registry.npmjs.org/minipass/-/minipass-7.1.2.tgz 1624ms (cache miss)
915 http fetch GET 200 https://registry.npmjs.org/is-glob/-/is-glob-4.0.3.tgz 1616ms (cache miss)
916 http fetch GET 200 https://registry.npmjs.org/get-proto/-/get-proto-1.0.1.tgz 1627ms (cache miss)
917 http fetch GET 200 https://registry.npmjs.org/is-binary-path/-/is-binary-path-2.1.0.tgz 1630ms (cache miss)
918 http fetch GET 200 https://registry.npmjs.org/nanoid/-/nanoid-3.3.11.tgz 1660ms (cache miss)
919 http fetch GET 200 https://registry.npmjs.org/invariant/-/invariant-2.2.4.tgz 1649ms (cache miss)
920 http fetch GET 200 https://registry.npmjs.org/gopd/-/gopd-1.2.0.tgz 1667ms (cache miss)
921 http fetch GET 200 https://registry.npmjs.org/has-tostringtag/-/has-tostringtag-1.0.2.tgz 1669ms (cache miss)
922 http fetch GET 200 https://registry.npmjs.org/https-proxy-agent/-/https-proxy-agent-5.0.1.tgz 1671ms (cache miss)
923 http fetch GET 200 https://registry.npmjs.org/mime-db/-/mime-db-1.52.0.tgz 1692ms (cache miss)
924 http fetch GET 200 https://registry.npmjs.org/react-router-dom/-/react-router-dom-6.30.4.tgz 1713ms (cache miss)
925 http fetch GET 200 https://registry.npmjs.org/gensync/-/gensync-1.0.0-beta.2.tgz 1699ms (cache miss)
926 http fetch GET 200 https://registry.npmjs.org/memoize-one/-/memoize-one-6.0.0.tgz 1714ms (cache miss)
927 http fetch GET 200 https://registry.npmjs.org/glob-parent/-/glob-parent-6.0.2.tgz 1706ms (cache miss)
928 http fetch GET 200 https://registry.npmjs.org/function-bind/-/function-bind-1.1.2.tgz 1730ms (cache miss)
929 http fetch GET 200 https://registry.npmjs.org/hasown/-/hasown-2.0.4.tgz 1733ms (cache miss)
930 http fetch GET 200 https://registry.npmjs.org/postcss-selector-parser/-/postcss-selector-parser-6.1.2.tgz 1772ms (cache miss)
931 http fetch GET 200 https://registry.npmjs.org/fill-range/-/fill-range-7.1.1.tgz 1770ms (cache miss)
932 http fetch GET 200 https://registry.npmjs.org/follow-redirects/-/follow-redirects-1.16.0.tgz 1785ms (cache miss)
933 http fetch GET 200 https://registry.npmjs.org/escalade/-/escalade-3.2.0.tgz 1793ms (cache miss)
934 http fetch GET 200 https://registry.npmjs.org/es-set-tostringtag/-/es-set-tostringtag-2.1.0.tgz 1856ms (cache miss)
935 http fetch GET 200 https://registry.npmjs.org/form-data/-/form-data-4.0.6.tgz 1861ms (cache miss)
936 http fetch GET 200 https://registry.npmjs.org/fraction.js/-/fraction.js-4.3.7.tgz 1861ms (cache miss)
937 http fetch GET 200 https://registry.npmjs.org/es-object-atoms/-/es-object-atoms-1.1.1.tgz 1864ms (cache miss)
938 http fetch GET 200 https://registry.npmjs.org/es-errors/-/es-errors-1.3.0.tgz 1869ms (cache miss)
939 http fetch GET 200 https://registry.npmjs.org/fastq/-/fastq-1.19.1.tgz 1870ms (cache miss)
940 http fetch GET 200 https://registry.npmjs.org/es-define-property/-/es-define-property-1.0.1.tgz 1873ms (cache miss)
941 http fetch GET 200 https://registry.npmjs.org/foreground-child/-/foreground-child-3.3.1.tgz 1876ms (cache miss)
942 http fetch GET 200 https://registry.npmjs.org/eastasianwidth/-/eastasianwidth-0.2.0.tgz 1897ms (cache miss)
943 http fetch GET 200 https://registry.npmjs.org/dequal/-/dequal-2.0.3.tgz 1904ms (cache miss)
944 http fetch GET 200 https://registry.npmjs.org/dlv/-/dlv-1.1.3.tgz 1913ms (cache miss)
945 http fetch GET 200 https://registry.npmjs.org/delayed-stream/-/delayed-stream-1.0.0.tgz 1919ms (cache miss)
946 http fetch GET 200 https://registry.npmjs.org/json5/-/json5-2.2.3.tgz 1934ms (cache miss)
947 http fetch GET 200 https://registry.npmjs.org/cssesc/-/cssesc-3.0.0.tgz 1942ms (cache miss)
948 http fetch GET 200 https://registry.npmjs.org/convert-source-map/-/convert-source-map-2.0.0.tgz 1948ms (cache miss)
949 http fetch GET 200 https://registry.npmjs.org/get-intrinsic/-/get-intrinsic-1.3.0.tgz 1958ms (cache miss)
950 http fetch GET 200 https://registry.npmjs.org/combined-stream/-/combined-stream-1.0.8.tgz 1952ms (cache miss)
951 http fetch GET 200 https://registry.npmjs.org/date-arithmetic/-/date-arithmetic-4.1.0.tgz 1953ms (cache miss)
952 http fetch GET 200 https://registry.npmjs.org/has-symbols/-/has-symbols-1.1.0.tgz 1963ms (cache miss)
953 http fetch GET 200 https://registry.npmjs.org/esbuild/-/esbuild-0.25.12.tgz 1966ms (cache miss)
954 http fetch GET 200 https://registry.npmjs.org/didyoumean/-/didyoumean-1.2.2.tgz 1960ms (cache miss)
955 http fetch GET 200 https://registry.npmjs.org/debug/-/debug-4.4.3.tgz 1981ms (cache miss)
956 http fetch GET 200 https://registry.npmjs.org/cross-spawn/-/cross-spawn-7.0.6.tgz 1990ms (cache miss)
957 http fetch GET 200 https://registry.npmjs.org/clsx/-/clsx-2.1.1.tgz 1993ms (cache miss)
958 http fetch GET 200 https://registry.npmjs.org/commander/-/commander-4.1.1.tgz 2139ms (cache miss)
959 http fetch GET 200 https://registry.npmjs.org/color-convert/-/color-convert-2.0.1.tgz 2143ms (cache miss)
960 http fetch GET 200 https://registry.npmjs.org/color-name/-/color-name-1.1.4.tgz 2166ms (cache miss)
961 http fetch GET 200 https://registry.npmjs.org/camelcase-css/-/camelcase-css-2.0.1.tgz 2206ms (cache miss)
962 http fetch GET 200 https://registry.npmjs.org/balanced-match/-/balanced-match-1.0.2.tgz 2224ms (cache miss)
963 http fetch GET 200 https://registry.npmjs.org/call-bind-apply-helpers/-/call-bind-apply-helpers-1.0.2.tgz 2232ms (cache miss)
964 http fetch GET 200 https://registry.npmjs.org/brace-expansion/-/brace-expansion-2.1.0.tgz 2242ms (cache miss)
965 http fetch GET 200 https://registry.npmjs.org/arg/-/arg-5.0.2.tgz 2243ms (cache miss)
966 http fetch GET 200 https://registry.npmjs.org/any-promise/-/any-promise-1.3.0.tgz 2242ms (cache miss)
967 http fetch GET 200 https://registry.npmjs.org/jackspeak/-/jackspeak-3.4.3.tgz 2269ms (cache miss)
968 http fetch GET 200 https://registry.npmjs.org/strip-ansi/-/strip-ansi-6.0.1.tgz 2248ms (cache miss)
969 http fetch GET 200 https://registry.npmjs.org/ansi-regex/-/ansi-regex-6.2.2.tgz 2248ms (cache miss)
970 http fetch GET 200 https://registry.npmjs.org/ansi-styles/-/ansi-styles-6.2.3.tgz 2249ms (cache miss)
971 http fetch GET 200 https://registry.npmjs.org/binary-extensions/-/binary-extensions-2.3.0.tgz 2255ms (cache miss)
972 http fetch GET 200 https://registry.npmjs.org/asynckit/-/asynckit-0.4.0.tgz 2261ms (cache miss)
973 http fetch GET 200 https://registry.npmjs.org/anymatch/-/anymatch-3.1.3.tgz 2269ms (cache miss)
974 http fetch GET 200 https://registry.npmjs.org/strip-ansi/-/strip-ansi-6.0.1.tgz 2274ms (cache miss)
975 http fetch GET 200 https://registry.npmjs.org/chokidar/-/chokidar-3.6.0.tgz 2285ms (cache miss)
976 http fetch GET 200 https://registry.npmjs.org/dunder-proto/-/dunder-proto-1.0.1.tgz 2295ms (cache miss)
977 http fetch GET 200 https://registry.npmjs.org/vite/-/vite-6.4.3.tgz 2350ms (cache miss)
978 http fetch GET 200 https://registry.npmjs.org/emoji-regex/-/emoji-regex-9.2.2.tgz 2313ms (cache miss)
979 http fetch GET 200 https://registry.npmjs.org/electron-to-chromium/-/electron-to-chromium-1.5.237.tgz 2318ms (cache miss)
980 http fetch GET 200 https://registry.npmjs.org/string-width/-/string-width-4.2.3.tgz 2301ms (cache miss)
981 http fetch GET 200 https://registry.npmjs.org/emoji-regex/-/emoji-regex-8.0.0.tgz 2304ms (cache miss)
982 http fetch GET 200 https://registry.npmjs.org/ansi-styles/-/ansi-styles-4.3.0.tgz 2303ms (cache miss)
983 http fetch GET 200 https://registry.npmjs.org/ansi-regex/-/ansi-regex-5.0.1.tgz 2306ms (cache miss)
984 http fetch GET 200 https://registry.npmjs.org/emoji-regex/-/emoji-regex-8.0.0.tgz 2311ms (cache miss)
985 http fetch GET 200 https://registry.npmjs.org/ansi-regex/-/ansi-regex-5.0.1.tgz 2315ms (cache miss)
986 http fetch GET 200 https://registry.npmjs.org/ansi-regex/-/ansi-regex-5.0.1.tgz 2315ms (cache miss)
987 http fetch GET 200 https://registry.npmjs.org/glob-parent/-/glob-parent-5.1.2.tgz 2329ms (cache miss)
988 http fetch GET 200 https://registry.npmjs.org/fdir/-/fdir-6.5.0.tgz 2344ms (cache miss)
989 http fetch GET 200 https://registry.npmjs.org/glob-parent/-/glob-parent-5.1.2.tgz 2354ms (cache miss)
990 http fetch GET 200 https://registry.npmjs.org/braces/-/braces-3.0.3.tgz 2382ms (cache miss)
991 http fetch GET 200 https://registry.npmjs.org/agent-base/-/agent-base-6.0.2.tgz 2379ms (cache miss)
992 http fetch GET 200 https://registry.npmjs.org/baseline-browser-mapping/-/baseline-browser-mapping-2.8.16.tgz 2383ms (cache miss)
993 http fetch GET 200 https://registry.npmjs.org/browserslist/-/browserslist-4.26.3.tgz 2389ms (cache miss)
994 http fetch GET 200 https://registry.npmjs.org/fdir/-/fdir-6.5.0.tgz 2381ms (cache miss)
995 http fetch GET 200 https://registry.npmjs.org/postcss/-/postcss-8.5.12.tgz 2455ms (cache miss)
996 http fetch GET 200 https://registry.npmjs.org/picomatch/-/picomatch-4.0.4.tgz 2429ms (cache miss)
997 http fetch GET 200 https://registry.npmjs.org/rollup/-/rollup-4.60.2.tgz 2487ms (cache miss)
998 http fetch GET 200 https://registry.npmjs.org/picomatch/-/picomatch-4.0.4.tgz 2435ms (cache miss)
999 http fetch GET 200 https://registry.npmjs.org/csstype/-/csstype-3.2.3.tgz 2500ms (cache miss)
1000 http fetch GET 200 https://registry.npmjs.org/minimatch/-/minimatch-9.0.9.tgz 2529ms (cache miss)
1001 http fetch GET 200 https://registry.npmjs.org/jiti/-/jiti-1.21.7.tgz 2577ms (cache miss)
1002 http fetch GET 200 https://registry.npmjs.org/moment-timezone/-/moment-timezone-0.5.48.tgz 2587ms (cache miss)
1003 http fetch GET 200 https://registry.npmjs.org/lru-cache/-/lru-cache-10.4.3.tgz 2649ms (cache miss)
1004 http fetch GET 200 https://registry.npmjs.org/react-overlays/-/react-overlays-5.2.1.tgz 2772ms (cache miss)
1005 http fetch GET 200 https://registry.npmjs.org/fast-glob/-/fast-glob-3.3.3.tgz 2784ms (cache miss)
1006 http fetch GET 200 https://registry.npmjs.org/react-dom/-/react-dom-18.3.1.tgz 2852ms (cache miss)
1007 http fetch GET 200 https://registry.npmjs.org/glob/-/glob-10.5.0.tgz 2847ms (cache miss)
1008 warn deprecated glob@10.5.0: Old versions of glob are not supported, and contain widely publicized security vulnerabilities, which have been fixed in the current version. Please update. Support for old versions may be purchased (at exorbitant rates) by contacting i@izs.me
1009 http fetch GET 200 https://registry.npmjs.org/@babel/core/-/core-7.29.7.tgz 2930ms (cache miss)
1010 http fetch GET 200 https://registry.npmjs.org/resolve/-/resolve-1.22.10.tgz 2931ms (cache miss)
1011 http fetch GET 200 https://registry.npmjs.org/react-big-calendar/-/react-big-calendar-1.20.0.tgz 2943ms (cache miss)
1012 http fetch GET 200 https://registry.npmjs.org/cldrjs/-/cldrjs-0.5.5.tgz 3150ms (cache miss)
1013 http fetch GET 200 https://registry.npmjs.org/globalize/-/globalize-1.7.1.tgz 3169ms (cache miss)
1014 http fetch GET 200 https://registry.npmjs.org/autoprefixer/-/autoprefixer-10.4.21.tgz 3164ms (cache miss)
1015 http fetch GET 200 https://registry.npmjs.org/luxon/-/luxon-3.7.2.tgz 3200ms (cache miss)
1016 http fetch GET 200 https://registry.npmjs.org/axios/-/axios-1.18.1.tgz 3367ms (cache miss)
1017 http fetch GET 200 https://registry.npmjs.org/@esbuild/win32-x64/-/win32-x64-0.25.12.tgz 3437ms (cache miss)
1018 http fetch GET 200 https://registry.npmjs.org/@restart/hooks/-/hooks-0.4.16.tgz 3452ms (cache miss)
1019 http fetch GET 200 https://registry.npmjs.org/@babel/types/-/types-7.29.7.tgz 3508ms (cache miss)
1020 http fetch GET 200 https://registry.npmjs.org/@babel/runtime/-/runtime-7.29.7.tgz 3519ms (cache miss)
1021 http fetch GET 200 https://registry.npmjs.org/sucrase/-/sucrase-3.35.0.tgz 3558ms (cache miss)
1022 http fetch GET 200 https://registry.npmjs.org/motion-dom/-/motion-dom-12.23.23.tgz 3568ms (cache miss)
1023 http fetch GET 200 https://registry.npmjs.org/@babel/helpers/-/helpers-7.29.7.tgz 3617ms (cache miss)
1024 http fetch GET 200 https://registry.npmjs.org/@popperjs/core/-/core-2.11.8.tgz 3770ms (cache miss)
1025 http fetch GET 200 https://registry.npmjs.org/dom-helpers/-/dom-helpers-6.0.1.tgz 3742ms (cache miss)
1026 http fetch GET 200 https://registry.npmjs.org/tailwindcss/-/tailwindcss-3.4.18.tgz 3981ms (cache miss)
1027 http fetch GET 200 https://registry.npmjs.org/dom-helpers/-/dom-helpers-5.2.1.tgz 3973ms (cache miss)
1028 http fetch GET 200 https://registry.npmjs.org/framer-motion/-/framer-motion-12.23.24.tgz 4109ms (cache miss)
1029 http fetch GET 200 https://registry.npmjs.org/dayjs/-/dayjs-1.11.21.tgz 4427ms (cache miss)
1030 http fetch GET 200 https://registry.npmjs.org/moment/-/moment-2.30.1.tgz 4679ms (cache miss)
1031 http fetch GET 200 https://registry.npmjs.org/lodash-es/-/lodash-es-4.18.1.tgz 4727ms (cache miss)
1032 http fetch GET 200 https://registry.npmjs.org/caniuse-lite/-/caniuse-lite-1.0.30001750.tgz 5157ms (cache miss)
1033 http fetch GET 200 https://registry.npmjs.org/lodash/-/lodash-4.18.1.tgz 5271ms (cache miss)
1034 http fetch GET 200 https://registry.npmjs.org/lucide-react/-/lucide-react-0.468.0.tgz 9211ms (cache miss)
1035 http fetch GET 200 https://registry.npmjs.org/date-fns/-/date-fns-4.4.0.tgz 11507ms (cache miss)
1036 info run esbuild@0.25.12 postinstall node_modules/esbuild node install.js
1037 info run esbuild@0.25.12 postinstall { code: 0, signal: null }
1038 silly ADD node_modules/fsevents
1039 silly ADD node_modules/@rollup/rollup-win32-ia32-msvc
1040 silly ADD node_modules/@rollup/rollup-win32-arm64-msvc
1041 silly ADD node_modules/@rollup/rollup-openharmony-arm64
1042 silly ADD node_modules/@rollup/rollup-openbsd-x64
1043 silly ADD node_modules/@rollup/rollup-linux-x64-musl
1044 silly ADD node_modules/@rollup/rollup-linux-x64-gnu
1045 silly ADD node_modules/@rollup/rollup-linux-s390x-gnu
1046 silly ADD node_modules/@rollup/rollup-linux-riscv64-musl
1047 silly ADD node_modules/@rollup/rollup-linux-riscv64-gnu
1048 silly ADD node_modules/@rollup/rollup-linux-ppc64-musl
1049 silly ADD node_modules/@rollup/rollup-linux-ppc64-gnu
1050 silly ADD node_modules/@rollup/rollup-linux-loong64-musl
1051 silly ADD node_modules/@rollup/rollup-linux-loong64-gnu
1052 silly ADD node_modules/@rollup/rollup-linux-arm64-musl
1053 silly ADD node_modules/@rollup/rollup-linux-arm64-gnu
1054 silly ADD node_modules/@rollup/rollup-linux-arm-musleabihf
1055 silly ADD node_modules/@rollup/rollup-linux-arm-gnueabihf
1056 silly ADD node_modules/@rollup/rollup-freebsd-x64
1057 silly ADD node_modules/@rollup/rollup-freebsd-arm64
1058 silly ADD node_modules/@rollup/rollup-darwin-x64
1059 silly ADD node_modules/@rollup/rollup-darwin-arm64
1060 silly ADD node_modules/@rollup/rollup-android-arm64
1061 silly ADD node_modules/@rollup/rollup-android-arm-eabi
1062 silly ADD node_modules/@esbuild/win32-ia32
1063 silly ADD node_modules/@esbuild/win32-arm64
1064 silly ADD node_modules/@esbuild/sunos-x64
1065 silly ADD node_modules/@esbuild/openharmony-arm64
1066 silly ADD node_modules/@esbuild/openbsd-x64
1067 silly ADD node_modules/@esbuild/openbsd-arm64
1068 silly ADD node_modules/@esbuild/netbsd-x64
1069 silly ADD node_modules/@esbuild/netbsd-arm64
1070 silly ADD node_modules/@esbuild/linux-x64
1071 silly ADD node_modules/@esbuild/linux-s390x
1072 silly ADD node_modules/@esbuild/linux-riscv64
1073 silly ADD node_modules/@esbuild/linux-ppc64
1074 silly ADD node_modules/@esbuild/linux-mips64el
1075 silly ADD node_modules/@esbuild/linux-loong64
1076 silly ADD node_modules/@esbuild/linux-ia32
1077 silly ADD node_modules/@esbuild/linux-arm64
1078 silly ADD node_modules/@esbuild/linux-arm
1079 silly ADD node_modules/@esbuild/freebsd-x64
1080 silly ADD node_modules/@esbuild/freebsd-arm64
1081 silly ADD node_modules/@esbuild/darwin-x64
1082 silly ADD node_modules/@esbuild/darwin-arm64
1083 silly ADD node_modules/@esbuild/android-x64
1084 silly ADD node_modules/@esbuild/android-arm64
1085 silly ADD node_modules/@esbuild/android-arm
1086 silly ADD node_modules/@esbuild/aix-ppc64
1087 silly CHANGE node_modules/@vitejs/plugin-react
1088 silly CHANGE node_modules/@types/warning
1089 silly CHANGE node_modules/@types/react
1090 silly CHANGE node_modules/@types/estree
1091 silly CHANGE node_modules/@types/babel__traverse
1092 silly CHANGE node_modules/@types/babel__template
1093 silly CHANGE node_modules/@types/babel__generator
1094 silly CHANGE node_modules/@rollup/rollup-win32-x64-msvc
1095 silly CHANGE node_modules/@types/babel__core
1096 silly CHANGE node_modules/@rollup/rollup-win32-x64-gnu
1097 silly CHANGE node_modules/@popperjs/core
1098 silly CHANGE node_modules/@nodelib/fs.walk
1099 silly CHANGE node_modules/@nodelib/fs.scandir
1100 silly CHANGE node_modules/@nodelib/fs.stat
1101 silly CHANGE node_modules/@rolldown/pluginutils
1102 silly CHANGE node_modules/@restart/hooks
1103 silly CHANGE node_modules/@isaacs/cliui
1104 silly CHANGE node_modules/@remix-run/router
1105 silly CHANGE node_modules/@react-oauth/google
1106 silly CHANGE node_modules/@jridgewell/sourcemap-codec
1107 silly CHANGE node_modules/@pkgjs/parseargs
1108 silly CHANGE node_modules/@jridgewell/trace-mapping
1109 silly CHANGE node_modules/@jridgewell/resolve-uri
1110 silly CHANGE node_modules/@jridgewell/remapping
1111 silly CHANGE node_modules/@jridgewell/gen-mapping
1112 silly CHANGE node_modules/@esbuild/win32-x64
1113 silly CHANGE node_modules/@babel/traverse
1114 silly CHANGE node_modules/@babel/types
1115 silly CHANGE node_modules/@babel/template
1116 silly CHANGE node_modules/@babel/runtime
1117 silly CHANGE node_modules/@babel/plugin-transform-react-jsx-source
1118 silly CHANGE node_modules/@babel/helper-validator-identifier
1119 silly CHANGE node_modules/@babel/plugin-transform-react-jsx-self
1120 silly CHANGE node_modules/@babel/helper-module-transforms
1121 silly CHANGE node_modules/@babel/parser
1122 silly CHANGE node_modules/@babel/helpers
1123 silly CHANGE node_modules/@babel/helper-validator-option
1124 silly CHANGE node_modules/@babel/helper-string-parser
1125 silly CHANGE node_modules/@babel/helper-plugin-utils
1126 silly CHANGE node_modules/@babel/helper-compilation-targets
1127 silly CHANGE node_modules/@babel/helper-module-imports
1128 silly CHANGE node_modules/@babel/helper-globals
1129 silly CHANGE node_modules/@babel/generator
1130 silly CHANGE node_modules/@babel/core
1131 silly CHANGE node_modules/@babel/compat-data
1132 silly CHANGE node_modules/@babel/code-frame
1133 silly CHANGE node_modules/@alloc/quick-lru
1134 silly CHANGE node_modules/yallist
1135 silly CHANGE node_modules/wrap-ansi-cjs
1136 silly CHANGE node_modules/wrap-ansi-cjs/node_modules/strip-ansi
1137 silly CHANGE node_modules/wrap-ansi-cjs/node_modules/emoji-regex
1138 silly CHANGE node_modules/wrap-ansi-cjs/node_modules/ansi-styles
1139 silly CHANGE node_modules/wrap-ansi-cjs/node_modules/string-width
1140 silly CHANGE node_modules/wrap-ansi-cjs/node_modules/ansi-regex
1141 silly CHANGE node_modules/wrap-ansi
1142 silly CHANGE node_modules/tslib
1143 silly CHANGE node_modules/which
1144 silly CHANGE node_modules/warning
1145 silly CHANGE node_modules/util-deprecate
1146 silly CHANGE node_modules/vite
1147 silly CHANGE node_modules/vite/node_modules/picomatch
1148 silly CHANGE node_modules/vite/node_modules/fdir
1149 silly CHANGE node_modules/update-browserslist-db
1150 silly CHANGE node_modules/uncontrollable
1151 silly CHANGE node_modules/ts-interface-checker
1152 silly CHANGE node_modules/to-regex-range
1153 silly CHANGE node_modules/thenify
1154 silly CHANGE node_modules/string-width-cjs
1155 silly CHANGE node_modules/string-width-cjs/node_modules/strip-ansi
1156 silly CHANGE node_modules/string-width-cjs/node_modules/emoji-regex
1157 silly CHANGE node_modules/string-width-cjs/node_modules/ansi-regex
1158 silly CHANGE node_modules/tinyglobby
1159 silly CHANGE node_modules/tinyglobby/node_modules/fdir
1160 silly CHANGE node_modules/tinyglobby/node_modules/picomatch
1161 silly CHANGE node_modules/thenify-all
1162 silly CHANGE node_modules/tailwindcss
1163 silly CHANGE node_modules/supports-preserve-symlinks-flag
1164 silly CHANGE node_modules/run-parallel
1165 silly CHANGE node_modules/sucrase
1166 silly CHANGE node_modules/strip-ansi-cjs
1167 silly CHANGE node_modules/strip-ansi-cjs/node_modules/ansi-regex
1168 silly CHANGE node_modules/strip-ansi
1169 silly CHANGE node_modules/string-width
1170 silly CHANGE node_modules/source-map-js
1171 silly CHANGE node_modules/shebang-regex
1172 silly CHANGE node_modules/signal-exit
1173 silly CHANGE node_modules/shebang-command
1174 silly CHANGE node_modules/semver
1175 silly CHANGE node_modules/scheduler
1176 silly CHANGE node_modules/reusify
1177 silly CHANGE node_modules/react-refresh
1178 silly CHANGE node_modules/resolve
1179 silly CHANGE node_modules/rollup
1180 silly CHANGE node_modules/readdirp
1181 silly CHANGE node_modules/react-router
1182 silly CHANGE node_modules/read-cache
1183 silly CHANGE node_modules/react-router-dom
1184 silly CHANGE node_modules/react-overlays
1185 silly CHANGE node_modules/react-overlays/node_modules/dom-helpers
1186 silly CHANGE node_modules/react-lifecycles-compat
1187 silly CHANGE node_modules/react-is
1188 silly CHANGE node_modules/react-dom
1189 silly CHANGE node_modules/postcss-nested
1190 silly CHANGE node_modules/react-big-calendar
1191 silly CHANGE node_modules/react
1192 silly CHANGE node_modules/queue-microtask
1193 silly CHANGE node_modules/postcss-value-parser
1194 silly CHANGE node_modules/proxy-from-env
1195 silly CHANGE node_modules/prop-types
1196 silly CHANGE node_modules/postcss-selector-parser
1197 silly CHANGE node_modules/postcss-load-config
1198 silly CHANGE node_modules/postcss-import
1199 silly CHANGE node_modules/picomatch
1200 silly CHANGE node_modules/postcss-js
1201 silly CHANGE node_modules/postcss
1202 silly CHANGE node_modules/pirates
1203 silly CHANGE node_modules/path-parse
1204 silly CHANGE node_modules/path-scurry
1205 silly CHANGE node_modules/path-scurry/node_modules/lru-cache
1206 silly CHANGE node_modules/pify
1207 silly CHANGE node_modules/picocolors
1208 silly CHANGE node_modules/path-key
1209 silly CHANGE node_modules/package-json-from-dist
1210 silly CHANGE node_modules/object-hash
1211 silly CHANGE node_modules/object-assign
1212 silly CHANGE node_modules/node-releases
1213 silly CHANGE node_modules/normalize-range
1214 silly CHANGE node_modules/mz
1215 silly CHANGE node_modules/nanoid
1216 silly CHANGE node_modules/normalize-path
1217 silly CHANGE node_modules/ms
1218 silly CHANGE node_modules/motion-utils
1219 silly CHANGE node_modules/motion-dom
1220 silly CHANGE node_modules/moment-timezone
1221 silly CHANGE node_modules/minimatch
1222 silly CHANGE node_modules/moment
1223 silly CHANGE node_modules/minipass
1224 silly CHANGE node_modules/micromatch
1225 silly CHANGE node_modules/mime-types
1226 silly CHANGE node_modules/mime-db
1227 silly CHANGE node_modules/merge2
1228 silly CHANGE node_modules/memoize-one
1229 silly CHANGE node_modules/math-intrinsics
1230 silly CHANGE node_modules/luxon
1231 silly CHANGE node_modules/loose-envify
1232 silly CHANGE node_modules/lucide-react
1233 silly CHANGE node_modules/lru-cache
1234 silly CHANGE node_modules/lodash-es
1235 silly CHANGE node_modules/lilconfig
1236 silly CHANGE node_modules/lodash
1237 silly CHANGE node_modules/is-number
1238 silly CHANGE node_modules/lines-and-columns
1239 silly CHANGE node_modules/json5
1240 silly CHANGE node_modules/js-tokens
1241 silly CHANGE node_modules/jsesc
1242 silly CHANGE node_modules/jiti
1243 silly CHANGE node_modules/jackspeak
1244 silly CHANGE node_modules/is-glob
1245 silly CHANGE node_modules/isexe
1246 silly CHANGE node_modules/is-fullwidth-code-point
1247 silly CHANGE node_modules/is-extglob
1248 silly CHANGE node_modules/is-core-module
1249 silly CHANGE node_modules/get-proto
1250 silly CHANGE node_modules/is-binary-path
1251 silly CHANGE node_modules/invariant
1252 silly CHANGE node_modules/https-proxy-agent
1253 silly CHANGE node_modules/hasown
1254 silly CHANGE node_modules/has-tostringtag
1255 silly CHANGE node_modules/has-symbols
1256 silly CHANGE node_modules/gopd
1257 silly CHANGE node_modules/globalize
1258 silly CHANGE node_modules/glob
1259 silly CHANGE node_modules/function-bind
1260 silly CHANGE node_modules/glob-parent
1261 silly CHANGE node_modules/get-intrinsic
1262 silly CHANGE node_modules/gensync
1263 silly CHANGE node_modules/framer-motion
1264 silly CHANGE node_modules/fraction.js
1265 silly CHANGE node_modules/form-data
1266 silly CHANGE node_modules/foreground-child
1267 silly CHANGE node_modules/follow-redirects
1268 silly CHANGE node_modules/fill-range
1269 silly CHANGE node_modules/fastq
1270 silly CHANGE node_modules/fast-glob
1271 silly CHANGE node_modules/fast-glob/node_modules/glob-parent
1272 silly CHANGE node_modules/esbuild
1273 silly CHANGE node_modules/escalade
1274 silly CHANGE node_modules/es-set-tostringtag
1275 silly CHANGE node_modules/es-object-atoms
1276 silly CHANGE node_modules/es-errors
1277 silly CHANGE node_modules/es-define-property
1278 silly CHANGE node_modules/emoji-regex
1279 silly CHANGE node_modules/electron-to-chromium
1280 silly CHANGE node_modules/eastasianwidth
1281 silly CHANGE node_modules/dunder-proto
1282 silly CHANGE node_modules/dom-helpers
1283 silly CHANGE node_modules/didyoumean
1284 silly CHANGE node_modules/dlv
1285 silly CHANGE node_modules/dequal
1286 silly CHANGE node_modules/debug
1287 silly CHANGE node_modules/delayed-stream
1288 silly CHANGE node_modules/date-fns
1289 silly CHANGE node_modules/dayjs
1290 silly CHANGE node_modules/combined-stream
1291 silly CHANGE node_modules/date-arithmetic
1292 silly CHANGE node_modules/csstype
1293 silly CHANGE node_modules/cross-spawn
1294 silly CHANGE node_modules/cssesc
1295 silly CHANGE node_modules/convert-source-map
1296 silly CHANGE node_modules/clsx
1297 silly CHANGE node_modules/commander
1298 silly CHANGE node_modules/color-name
1299 silly CHANGE node_modules/color-convert
1300 silly CHANGE node_modules/cldrjs
1301 silly CHANGE node_modules/chokidar
1302 silly CHANGE node_modules/chokidar/node_modules/glob-parent
1303 silly CHANGE node_modules/caniuse-lite
1304 silly CHANGE node_modules/camelcase-css
1305 silly CHANGE node_modules/call-bind-apply-helpers
1306 silly CHANGE node_modules/browserslist
1307 silly CHANGE node_modules/braces
1308 silly CHANGE node_modules/baseline-browser-mapping
1309 silly CHANGE node_modules/autoprefixer
1310 silly CHANGE node_modules/brace-expansion
1311 silly CHANGE node_modules/binary-extensions
1312 silly CHANGE node_modules/asynckit
1313 silly CHANGE node_modules/balanced-match
1314 silly CHANGE node_modules/axios
1315 silly CHANGE node_modules/arg
1316 silly CHANGE node_modules/anymatch
1317 silly CHANGE node_modules/any-promise
1318 silly CHANGE node_modules/ansi-styles
1319 silly CHANGE node_modules/ansi-regex
1320 silly CHANGE node_modules/agent-base
1321 verbose cwd C:\TipTop\careconnect-suite\apps\web
1322 verbose os Windows_NT 10.0.26200
1323 verbose node v24.16.0
1324 verbose npm  v11.4.2
1325 verbose exit 0
1326 info ok
